event_id,timestamp,event_type,invoice_id,description,amount,currency,payment_method,payment_reference,due_date,paid_date,days_past_due,line_items,po_number,status,credit_note_ref,dispute_id,remittance_ref,bank_reference,fx_rate,fx_original_amount,fx_original_currency,tax_amount,tax_rate_pct,notes,created_by,approved_by,customer_department,contract_reference
BIL-5001,2023-11-01 09:00:00,invoice_issued,INV-2023-MH-001,Monthly subscription - November 2023 (contract start),18150.00,EUR,,,2023-12-01,,,"25 Engineering seats (Growth) €7,400/yr ea prorated; 25 Marketing seats €8,100/yr ea prorated",PO-MH-2023-0847,issued,,,,,,,,3150.00,21.0,First invoice. Prorated from Nov 1.,Billing System,,,CTR-2023-MH-001
BIL-5002,2023-11-01 09:05:00,email_sent,INV-2023-MH-001,Invoice INV-2023-MH-001 sent to j.park@meridianhealth.com,,EUR,,,,,,,,sent,,,,,,,,,,,Billing System,,,
BIL-5003,2023-11-19 00:00:00,payment_received,INV-2023-MH-001,Payment received via SEPA Credit Transfer,18150.00,EUR,SEPA_CT,MERIDIAN HEALTH BV / INV-2023-MH-001,2023-12-01,2023-11-19,-12,,,paid,,,REM-MH-2023-001,SEPA-2023-NL-MH-7842901,,,,,,Paid 12 days early. Strong start.,,,,
BIL-5004,2023-11-19 02:00:00,reconciled,INV-2023-MH-001,Invoice reconciled. Auto-matched via remittance reference.,,EUR,,,,,,,,reconciled,,,,,,,,,,,Finance Team,,,
BIL-5005,2023-12-01 09:00:00,invoice_issued,INV-2023-MH-002,Monthly subscription - December 2023,18150.00,EUR,,,2023-12-31,,,25 Engineering seats (Growth); 25 Marketing seats,PO-MH-2023-0847,issued,,,,,,,,3150.00,21.0,,Billing System,,,CTR-2023-MH-001
BIL-5006,2023-12-01 09:05:00,email_sent,INV-2023-MH-002,Invoice INV-2023-MH-002 sent to j.park@meridianhealth.com,,EUR,,,,,,,,sent,,,,,,,,,,,Billing System,,,
BIL-5007,2023-12-23 09:00:00,payment_received,INV-2023-MH-002,Payment received via SEPA Credit Transfer,18150.00,EUR,SEPA_CT,MERIDIAN HEALTH BV / INV-2023-MH-002,2023-12-31,2023-12-23,-8,,,paid,,,REM-MH-2023-002,SEPA-2023-NL-MH-6467797,,,,,,,,,,
BIL-5008,2023-12-23 13:00:00,reconciled,INV-2023-MH-002,Invoice reconciled. Auto-matched via remittance reference.,,EUR,,,,,,,,reconciled,,,,,,,,,,,Billing System,,,
BIL-5009,2024-02-01 09:00:00,invoice_issued,INV-2024-MH-003,Monthly subscription - February 2024,18150.00,EUR,,,2024-03-02,,,25 Engineering seats (Growth); 25 Marketing seats,PO-MH-2023-0847,issued,,,,,,,,3150.00,21.0,,Billing System,,,CTR-2023-MH-001
BIL-5010,2024-02-01 09:05:00,email_sent,INV-2024-MH-003,Invoice INV-2024-MH-003 sent to j.park@meridianhealth.com,,EUR,,,,,,,,sent,,,,,,,,,,,Billing System,,,
BIL-5011,2024-02-22 09:00:00,payment_received,INV-2024-MH-003,Payment received via SEPA Credit Transfer,18150.00,EUR,SEPA_CT,MERIDIAN HEALTH BV / INV-2024-MH-003,2024-03-02,2024-02-22,-9,,,paid,,,REM-MH-2024-003,SEPA-2024-NL-MH-4240186,,,,,,,,,,
BIL-5012,2024-02-22 11:00:00,reconciled,INV-2024-MH-003,Invoice reconciled. Auto-matched via remittance reference.,,EUR,,,,,,,,reconciled,,,,,,,,,,,Billing System,,,
BIL-5013,2024-03-01 09:00:00,invoice_issued,INV-2024-MH-004,Monthly subscription - March 2024,18150.00,EUR,,,2024-03-31,,,25 Engineering seats (Growth); 25 Marketing seats,PO-MH-2023-0847,issued,,,,,,,,3150.00,21.0,,Billing System,,,CTR-2023-MH-001
BIL-5014,2024-03-01 09:05:00,email_sent,INV-2024-MH-004,Invoice INV-2024-MH-004 sent to j.park@meridianhealth.com,,EUR,,,,,,,,sent,,,,,,,,,,,Billing System,,,
BIL-5015,2024-03-23 09:00:00,payment_received,INV-2024-MH-004,Payment received via SEPA Credit Transfer,18150.00,EUR,SEPA_CT,MERIDIAN HEALTH BV / INV-2024-MH-004,2024-03-31,2024-03-23,-8,,,paid,,,REM-MH-2024-004,SEPA-2024-NL-MH-8989927,,,,,,,,,,
BIL-5016,2024-03-23 13:00:00,reconciled,INV-2024-MH-004,Invoice reconciled. Auto-matched via remittance reference.,,EUR,,,,,,,,reconciled,,,,,,,,,,,Billing System,,,
BIL-5017,2024-04-01 09:00:00,invoice_issued,INV-2024-MH-005,Monthly subscription - April 2024,18149.99,EUR,,,2024-05-01,,,25 Engineering seats (Growth); 25 Marketing seats,PO-MH-2023-0847,issued,,,,,,,,3149.99,21.0,,Billing System,,,CTR-2023-MH-001
BIL-5018,2024-04-01 09:05:00,email_sent,INV-2024-MH-005,Invoice INV-2024-MH-005 sent to j.park@meridianhealth.com,,EUR,,,,,,,,sent,,,,,,,,,,,Billing System,,,
BIL-5019,2024-04-21 09:00:00,payment_received,INV-2024-MH-005,Payment received via SEPA Credit Transfer,18149.99,EUR,SEPA_CT,MERIDIAN HEALTH BV / INV-2024-MH-005,2024-05-01,2024-04-21,-10,,,paid,,,REM-MH-2024-005,SEPA-2024-NL-MH-9399006,,,,,,,,,,
BIL-5020,2024-04-21 12:00:00,reconciliation_exception,INV-2024-MH-005,"Auto-reconciliation failed: €0.01 discrepancy. Invoice total €18149.99, payment received €18149.98.",,EUR,,,,,,,,exception,,,,,,,,,,1 cent rounding difference on tax calculation.,Billing System,,,
BIL-5021,2024-04-22 09:00:00,adjustment,INV-2024-MH-005,Write-off of €0.01 rounding difference. Approved per policy (auto-approve < €1.00).,0.01,EUR,,,,,,,,reconciled,,,,,,,,,,,Billing System,Auto-approved,,
BIL-5022,2024-05-01 09:00:00,invoice_issued,INV-2024-MH-006,Monthly subscription - May 2024,18150.00,EUR,,,2024-05-31,,,25 Engineering seats (Growth); 25 Marketing seats,PO-MH-2023-0847,issued,,,,,,,,3150.00,21.0,,Billing System,,,CTR-2023-MH-001
BIL-5023,2024-05-01 09:05:00,email_sent,INV-2024-MH-006,Invoice INV-2024-MH-006 sent to j.park@meridianhealth.com,,EUR,,,,,,,,sent,,,,,,,,,,,Billing System,,,
BIL-5024,2024-05-19 09:00:00,payment_received,INV-2024-MH-006,Payment received via SEPA Credit Transfer,18150.00,EUR,SEPA_CT,MERIDIAN HEALTH BV / INV-2024-MH-006,2024-05-31,2024-05-19,-12,,,paid,,,REM-MH-2024-006,SEPA-2024-NL-MH-5696621,,,,,,,,,,
BIL-5025,2024-05-19 10:00:00,reconciled,INV-2024-MH-006,Invoice reconciled. Auto-matched via remittance reference.,,EUR,,,,,,,,reconciled,,,,,,,,,,,Billing System,,,
BIL-5144,2024-05-29 14:00:00,payment_received,INV-2024-MH-006,DUPLICATE payment received. Customer paid INV-2024-MH-006 twice.,18150.00,EUR,SEPA_CT,MERIDIAN HEALTH BV / INV-2024-MH-006,,2024-05-29,,,,overpayment,,,REM-MH-2024-006-DUP,SEPA/202405/MERIDIANHLTH/245063,,,,,,Customer's AP system processed the same payment twice. Detected by auto-reconciliation (amount already matched).,,,,
BIL-5145,2024-05-30 09:00:00,refund_initiated,INV-2024-MH-006,Refund initiated for duplicate payment on INV-2024-MH-006,-18150.00,EUR,SEPA_CT,,,,,,,refund_pending,,,,,,,,,,Contacted James Park. He confirmed it was a duplicate. Refund via SEPA return.,Sofia Martinez,Finance Director,,
BIL-5026,2024-06-01 09:00:00,invoice_issued,INV-2024-MH-007,Monthly subscription - June 2024,18150.00,EUR,,,2024-07-01,,,25 Engineering seats (Growth); 25 Marketing seats,PO-MH-2023-0847,issued,,,,,,,,3150.00,21.0,,Billing System,,,CTR-2023-MH-001
BIL-5027,2024-06-01 09:05:00,email_sent,INV-2024-MH-007,Invoice INV-2024-MH-007 sent to j.park@meridianhealth.com,,EUR,,,,,,,,sent,,,,,,,,,,,Billing System,,,
BIL-5146,2024-06-03 10:00:00,refund_completed,INV-2024-MH-006,Refund completed for duplicate payment,-18150.00,EUR,SEPA_CT,,,,,,,refund_complete,,,,SEPA-REF/202406/ATHENA/905841,,,,,,Refund confirmed. James Park acknowledged receipt.,Billing System,,,
BIL-5028,2024-06-26 09:00:00,payment_received,INV-2024-MH-007,Payment received via SEPA Credit Transfer,18150.00,EUR,SEPA_CT,MERIDIAN HEALTH BV / INV-2024-MH-007,2024-07-01,2024-06-26,-5,,,paid,,,REM-MH-2024-007,SEPA/202406/MERIDIANHLTH/281067,,,,,,,,,,
BIL-5029,2024-06-26 13:00:00,reconciled,INV-2024-MH-007,Invoice reconciled. Auto-matched via remittance reference.,,EUR,,,,,,,,reconciled,,,,,,,,,,,Billing System,,,
BIL-5030,2024-07-01 09:00:00,invoice_issued,INV-2024-MH-008,Monthly subscription - July 2024,18150.01,EUR,,,2024-07-31,,,25 Engineering seats (Growth); 25 Marketing seats,PO-MH-2023-0847,issued,,,,,,,,3150.01,21.0,,Billing System,,,CTR-2023-MH-001
BIL-5031,2024-07-01 09:05:00,email_sent,INV-2024-MH-008,Invoice INV-2024-MH-008 sent to j.park@meridianhealth.com,,EUR,,,,,,,,sent,,,,,,,,,,,Billing System,,,
BIL-5032,2024-07-27 09:00:00,payment_received,INV-2024-MH-008,Payment received via SEPA Credit Transfer,18150.01,EUR,SEPA_CT,MERIDIAN HEALTH BV / INV-2024-MH-008,2024-07-31,2024-07-27,-4,,,paid,,,meridian health bv payment aug 2024,SEPA/202407/MERIDIANHLTH/976288,,,,,,,,,,
BIL-5033,2024-07-29 09:00:00,reconciliation_manual,INV-2024-MH-008,Manual reconciliation required. Remittance reference did not match expected format. Matched by amount + date.,,EUR,,,,,,,,reconciled,,,,,,,,,,Customer used free-text remittance reference instead of structured format.,Sofia Martinez,,,
BIL-5034,2024-08-01 09:00:00,invoice_issued,INV-2024-MH-009,Monthly subscription - August 2024,18150.00,EUR,,,2024-08-31,,,25 Engineering seats (Growth); 25 Marketing seats,PO-MH-2023-0847,issued,,,,,,,,3150.00,21.0,,Billing System,,,CTR-2023-MH-001
BIL-5035,2024-08-01 09:05:00,email_sent,INV-2024-MH-009,Invoice INV-2024-MH-009 sent to j.park@meridianhealth.com,,EUR,,,,,,,,sent,,,,,,,,,,,Billing System,,,
BIL-5152,2024-08-12 11:00:00,note,,"Internal note: Meridian Health payment pattern has shifted. First 9 months: average 22 days to pay (8 days early). Last 2 months: average 37 days (7 days late). New CFO Margaret Walsh joined ~2 months ago. Likely AP process change, not financial distress. Monitoring.",,EUR,,,,,,,,,,,,,,,,,,Pattern analysis. Not escalated to AM yet.,Sofia Martinez,,,
BIL-5036,2024-08-25 09:00:00,payment_received,INV-2024-MH-009,Payment received via SEPA Credit Transfer,18150.00,EUR,SEPA_CT,MERIDIAN HEALTH BV / INV-2024-MH-009,2024-08-31,2024-08-25,-6,,,paid,,,REM-MH-2024-009,SEPA/202408/MERIDIANHLTH/291757,,,,,,,,,,
BIL-5037,2024-08-25 15:00:00,reconciled,INV-2024-MH-009,Invoice reconciled. Auto-matched via remittance reference.,,EUR,,,,,,,,reconciled,,,,,,,,,,,Billing System,,,
BIL-5038,2024-09-01 09:00:00,invoice_issued,INV-2024-MH-010,Monthly subscription - September 2024,18150.00,EUR,,,2024-10-01,,,25 Engineering seats (Growth); 25 Marketing seats,PO-MH-2023-0847,issued,,,,,,,,3150.00,21.0,,Billing System,,,CTR-2023-MH-001
BIL-5039,2024-09-01 09:05:00,email_sent,INV-2024-MH-010,Invoice INV-2024-MH-010 sent to j.park@meridianhealth.com,,EUR,,,,,,,,sent,,,,,,,,,,,Billing System,,,
BIL-5043,2024-10-01 09:00:00,invoice_issued,INV-2024-MH-011,Monthly subscription - October 2024,18150.00,EUR,,,2024-10-31,,,25 Engineering seats (Growth); 25 Marketing seats,PO-MH-2023-0847,issued,,,,,,,,3150.00,21.0,,Billing System,,,CTR-2023-MH-001
BIL-5044,2024-10-01 09:05:00,email_sent,INV-2024-MH-011,Invoice INV-2024-MH-011 sent to j.park@meridianhealth.com,,EUR,,,,,,,,sent,,,,,,,,,,,Billing System,,,
BIL-5040,2024-10-04 00:00:00,payment_reminder_sent,INV-2024-MH-010,Automated payment reminder sent for INV-2024-MH-010 (3 days past due),,EUR,,,,,,,,overdue,,,,,,,,,,First automated reminder. New CFO started; AP process changes suspected.,Billing System,,,
BIL-5041,2024-10-06 09:00:00,payment_received,INV-2024-MH-010,Payment received via SEPA Credit Transfer,18150.00,EUR,SEPA_CT,MERIDIAN HEALTH BV / INV-2024-MH-010,2024-10-01,2024-10-06,5,,,paid,,,REM-MH-2024-010,SEPA/202409/MERIDIANHLTH/437098,,,,,,,,,,
BIL-5042,2024-10-06 11:00:00,reconciled,INV-2024-MH-010,Invoice reconciled. Auto-matched via remittance reference.,,EUR,,,,,,,,reconciled,,,,,,,,,,,Billing System,,,
BIL-5153,2024-10-15 14:00:00,note,,Internal note: Meridian payment trend continues. Oct invoice now 12 days past due. Third consecutive late payment. James Park confirmed via email it's an AP workflow change under the new CFO. Flagging for Elena (AM) at next sync.,,EUR,,,,,,,,,,,,,,,,,,Trend confirmed. AM notification pending.,Sofia Martinez,,,
BIL-5048,2024-11-01 09:00:00,invoice_issued,INV-2024-MH-012,Monthly subscription - November 2024,18150.00,EUR,,,2024-12-01,,,25 Engineering seats (Growth); 25 Marketing seats,PO-MH-2023-0847,issued,,,,,,,,3150.00,21.0,,Billing System,,,CTR-2023-MH-001
BIL-5049,2024-11-01 09:05:00,email_sent,INV-2024-MH-012,Invoice INV-2024-MH-012 sent to j.park@meridianhealth.com,,EUR,,,,,,,,sent,,,,,,,,,,,Billing System,,,
BIL-5045,2024-11-05 00:00:00,payment_reminder_sent,INV-2024-MH-011,Automated payment reminder sent for INV-2024-MH-011 (5 days past due),,EUR,,,,,,,,overdue,,,,,,,,,,,Billing System,,,
BIL-5046,2024-11-08 09:00:00,payment_received,INV-2024-MH-011,Payment received via SEPA Credit Transfer,18150.00,EUR,SEPA_CT,MERIDIAN HEALTH BV / INV-2024-MH-011,2024-10-31,2024-11-08,8,,,paid,,,REM-MH-2024-011,SEPA/202410/MERIDIANHLTH/191417,,,,,,,,,,
BIL-5047,2024-11-08 14:00:00,reconciled,INV-2024-MH-011,Invoice reconciled. Auto-matched via remittance reference.,,EUR,,,,,,,,reconciled,,,,,,,,,,,Billing System,,,
BIL-5147,2024-12-01 08:00:00,contract_event,,"Contract CTR-2024-MH-002 activated. Year 2 terms: 25 Eng Enterprise + 12 Mkt + 5% discount = €184,300/yr. Previous contract CTR-2023-MH-001 expired.",,EUR,,,,,,,PO-MH-2024-1203,active,,,,,,,,,,Renewal closed Nov 22 per AM. 5% loyalty discount approved by VP Sales. Marketing seats reduced from 25 to 12.,Billing System,,,CTR-2024-MH-002
BIL-5055,2024-12-01 09:00:00,invoice_issued,INV-2024-MH-013,"Monthly subscription - December 2024 (Year 2, prorated from Dec 1)",18583.58,EUR,,,2024-12-31,,,25 Engineering seats (Growth @ €7.40) — ERROR: should be Enterprise tier; 25 Marketing seats — ERROR: should be 12 seats,PO-MH-2024-1203,issued,,,,,,,,3225.25,21.0,BILLING ERROR: Line items pulled from old contract. Total amount is correct but line item detail is wrong. Reported by James Park same day.,Billing System,,,CTR-2024-MH-002
BIL-5056,2024-12-01 09:05:00,email_sent,INV-2024-MH-013,Invoice INV-2024-MH-013 sent to j.park@meridianhealth.com,,EUR,,,,,,,,sent,,,,,,,,,,,Billing System,,,
BIL-5050,2024-12-08 00:00:00,payment_reminder_sent,INV-2024-MH-012,Automated payment reminder sent for INV-2024-MH-012 (7 days past due),,EUR,,,,,,,,overdue,,,,,,,,,,,Billing System,,,
BIL-5051,2024-12-09 00:00:00,note,INV-2024-MH-012,James Park emailed: 'Sorry about the delay - our AP team is adjusting to new approval workflows under the new CFO. Payment will be processed this week.',,EUR,,,,,,,,overdue,,,,,,,,,,AP process change confirmed. Not a financial distress signal.,Elena Rodriguez,,,
BIL-5057,2024-12-09 10:00:00,dispute_opened,INV-2024-MH-013,"Customer James Park reported line item discrepancy. Total amount correct (€18,583.58) but line items show old contract terms (25 Eng Growth + 25 Mkt instead of 25 Eng Enterprise + 12 Mkt with 5% discount).",,EUR,,,,,,,,disputed,,DISP-2024-MH-001,,,,,,,,Display issue only — amount is correct. Need corrected invoice for CFO records.,Mike Chen (Support),,Procurement,
BIL-5058,2024-12-09 16:00:00,invoice_corrected,INV-2024-MH-013,Corrected invoice issued with proper line items: 25 Engineering (Enterprise) + 12 Marketing + 5% loyalty discount. Total unchanged.,18583.58,EUR,,,,,,"25 Engineering seats (Enterprise tier) €12,250/mo; 12 Marketing seats €3,888.33/mo; 5% loyalty discount -€780/mo; Subtotal €15,358.33",,corrected,,,,,,,,,,Corrected same day. James Park satisfied but noted: 'Please make sure future invoices are correct from the start.',Sofia Martinez,Finance Director,,
BIL-5059,2024-12-09 16:05:00,dispute_resolved,INV-2024-MH-013,Dispute DISP-2024-MH-001 resolved. Corrected invoice accepted by customer.,,EUR,,,,,,,,corrected,,DISP-2024-MH-001,,,,,,,,,Sofia Martinez,,,
BIL-5052,2024-12-13 09:00:00,payment_received,INV-2024-MH-012,Payment received via SEPA Credit Transfer,18150.00,EUR,SEPA_CT,MERIDIAN HEALTH BV / INV-2024-MH-012,2024-12-01,2024-12-13,12,,,paid,,,REM-MH-2024-012,SEPA/202411/MERIDIANHLTH/659906,,,,,,,,,,
BIL-5053,2024-12-13 17:00:00,reconciled,INV-2024-MH-012,Invoice reconciled. Auto-matched via remittance reference.,,EUR,,,,,,,,reconciled,,,,,,,,,,,Billing System,,,
BIL-5060,2024-12-28 00:00:00,payment_received,INV-2024-MH-013,Payment received via SEPA Credit Transfer,18583.58,EUR,SEPA_CT,MERIDIAN HEALTH BV / INV-2024-MH-013,2024-12-31,2024-12-28,-3,,,paid,,,REM-MH-2024-013,SEPA/202412/MERIDIANHLTH/314933,,,,,,,,,,
BIL-5061,2024-12-28 02:00:00,reconciled,INV-2024-MH-013,Invoice reconciled. Auto-matched.,,EUR,,,,,,,,reconciled,,,,,,,,,,,Billing System,,,
BIL-5062,2025-01-01 09:00:00,invoice_issued,INV-2025-MH-014,Monthly subscription - January 2025,18583.58,EUR,,,2025-01-31,,,25 Engineering (Enterprise); 12 Marketing; 5% discount,PO-MH-2024-1203,issued,,,,,,,,3225.25,21.0,,Billing System,,,CTR-2024-MH-002
BIL-5063,2025-01-01 09:05:00,email_sent,INV-2025-MH-014,Invoice INV-2025-MH-014 sent to j.park@meridianhealth.com,,EUR,,,,,,,,sent,,,,,,,,,,,Billing System,,,
BIL-5159,2025-01-02 09:00:00,system_notification,,System notice: VAT rate verification completed for 2025 billing year. Rate confirmed at 21% for Netherlands-based B2B services. No change from 2024.,,EUR,,,,,,,,,,,,,,,,,,Annual tax rate verification. No action required.,Billing System,,,
BIL-5054,2025-01-17 10:00:00,credit_note_issued,CN-2025-MH-001,"SLA credit for January 14, 2025 platform outage. 3.2 hours downtime affecting Engineering monitoring. Per SLA clause 7.2: credit = (monthly fee / 720 hours) × downtime hours × 2.",-3600.00,EUR,,,,,,,,issued,CN-2025-MH-001,,,,,,,,,Applied to February 2025 invoice. Post-mortem delivered Jan 17. Customer confirmed satisfaction with response.,Finance Team,VP Customer Success,Engineering,CTR-2023-MH-001
BIL-5068,2025-02-01 09:00:00,invoice_issued,INV-2025-MH-015,Monthly subscription - February 2025,14227.58,EUR,,,2025-03-03,,,"25 Engineering (Enterprise); 12 Marketing; 5% discount; SLA Credit CN-2025-MH-001 (-€3,600.00)",PO-MH-2024-1203,issued,CN-2025-MH-001,,,,,,,2469.25,21.0,SLA credit from Jan 14 outage applied. Net amount reduced.,Billing System,,,CTR-2024-MH-002
BIL-5069,2025-02-01 09:05:00,email_sent,INV-2025-MH-015,Invoice INV-2025-MH-015 sent to j.park@meridianhealth.com,,EUR,,,,,,,,sent,,,,,,,,,,,Billing System,,,
BIL-5064,2025-02-05 00:00:00,payment_reminder_sent,INV-2025-MH-014,Automated payment reminder sent for INV-2025-MH-014,,EUR,,,,,,,,overdue,,,,,,,,,,,Billing System,,,
BIL-5066,2025-02-08 09:00:00,payment_received,INV-2025-MH-014,Payment received via SEPA Credit Transfer,18583.58,EUR,SEPA_CT,MERIDIAN HEALTH BV / INV-2025-MH-014,2025-01-31,2025-02-08,8,,,paid,,,REM-MH-2025-014,SEPA/202501/MERIDIANHLTH/300999,,,,,,,,,,
BIL-5067,2025-02-08 10:00:00,reconciled,INV-2025-MH-014,Invoice reconciled. Auto-matched via remittance reference.,,EUR,,,,,,,,reconciled,,,,,,,,,,,Billing System,,,
BIL-5065,2025-02-10 00:00:00,payment_reminder_sent,INV-2025-MH-014,Second payment reminder sent for INV-2025-MH-014,,EUR,,,,,,,,overdue,,,,,,,,,,"Second reminder. Per escalation policy, AM to be notified if payment not received within 5 days.",Billing System,,,
BIL-5073,2025-03-01 09:00:00,invoice_issued,INV-2025-MH-016,Monthly subscription - March 2025,18583.58,EUR,,,2025-03-31,,,25 Engineering (Enterprise); 12 Marketing; 5% discount,PO-MH-2024-1203,issued,,,,,,,,3225.25,21.0,,Billing System,,,CTR-2024-MH-002
BIL-5074,2025-03-01 09:05:00,email_sent,INV-2025-MH-016,Invoice INV-2025-MH-016 sent to j.park@meridianhealth.com,,EUR,,,,,,,,sent,,,,,,,,,,,Billing System,,,
BIL-5070,2025-03-08 00:00:00,payment_reminder_sent,INV-2025-MH-015,Automated payment reminder sent for INV-2025-MH-015,,EUR,,,,,,,,overdue,,,,,,,,,,,Billing System,,,
BIL-5071,2025-03-09 09:00:00,payment_received,INV-2025-MH-015,Payment received via SEPA Credit Transfer,14227.58,EUR,SEPA_CT,MERIDIAN HEALTH BV / INV-2025-MH-015,2025-03-03,2025-03-09,6,,,paid,,,REM-MH-2025-015,SEPA/202502/MERIDIANHLTH/986459,,,,,,,,,,
BIL-5072,2025-03-09 11:00:00,reconciled,INV-2025-MH-015,Invoice reconciled. Auto-matched via remittance reference.,,EUR,,,,,,,,reconciled,,,,,,,,,,,Billing System,,,
BIL-5148,2025-03-31 10:00:00,report_generated,,Quarterly utilization report generated for Q1 2025,,EUR,,,,,,,,,,,,,,,,,,CFO requirement per renewal terms. Sent to j.park@meridianhealth.com,Billing System,,,CTR-2024-MH-002
BIL-5079,2025-04-01 09:00:00,invoice_issued,INV-2025-MH-017,Monthly subscription - April 2025,18583.58,EUR,,,2025-05-01,,,25 Engineering (Enterprise); 12 Marketing; 5% discount,PO-MH-2024-1203,issued,,,,,,,,3225.25,21.0,,Billing System,,,CTR-2024-MH-002
BIL-5080,2025-04-01 09:05:00,email_sent,INV-2025-MH-017,Invoice INV-2025-MH-017 sent to j.park@meridianhealth.com,,EUR,,,,,,,,sent,,,,,,,,,,,Billing System,,,
BIL-5075,2025-04-05 00:00:00,payment_reminder_sent,INV-2025-MH-016,Automated payment reminder sent for INV-2025-MH-016,,EUR,,,,,,,,overdue,,,,,,,,,,,Billing System,,,
BIL-5076,2025-04-10 00:00:00,payment_reminder_sent,INV-2025-MH-016,Second payment reminder sent for INV-2025-MH-016,,EUR,,,,,,,,overdue,,,,,,,,,,"Second reminder. Per escalation policy, AM to be notified if payment not received within 5 days.",Billing System,,,
BIL-5077,2025-04-13 09:00:00,payment_received,INV-2025-MH-016,Payment received via SEPA Credit Transfer,18583.58,EUR,SEPA_CT,MERIDIAN HEALTH / MARCH 2025,2025-03-31,2025-04-13,13,,,paid,,,REM-MH-2025-INV-2025-MH-015,SEPA/202503/MERIDIANHLTH/558899,,,,,,,,,,
BIL-5078,2025-04-14 09:00:00,reconciliation_manual,INV-2025-MH-016,Manual reconciliation required. Remittance reference 'REM-MH-2025-INV-2025-MH-015' doesn't match invoice INV-2025-MH-016. Matched by amount + payment date.,,EUR,,,,,,,,reconciled,,,,,,,,,,Customer AP team used wrong invoice number in remittance. Recurring issue with their new AP workflow.,Sofia Martinez,,,
BIL-5156,2025-04-22 15:00:00,payment_received,,Unidentified payment received from MERIDIAN HEALTH BV. Amount does not match any outstanding invoice.,847.50,EUR,SEPA_CT,,,,,,,unmatched,,,MERIDIAN HEALTH / EXPENSE REIMBURSEMENT,SEPA/202504/MERIDIANHLTH/942904,,,,,,Unknown payment. Amount doesn't match any invoice or credit note. Possibly sent to wrong account. Finance team to investigate.,,,,
BIL-5157,2025-04-25 09:00:00,note,,Re: unmatched payment €847.50. Contacted James Park. He confirmed it was sent in error — it was supposed to go to a different vendor. Initiating return.,,EUR,,,,,,,,,,,,,,,,,,,Sofia Martinez,,,
BIL-5158,2025-04-28 10:00:00,refund_completed,,Returned misdirected payment of €847.50 to Meridian Health,-847.50,EUR,SEPA_CT,,,,,,,returned,,,,SEPA-RET/202504/ATHENA/502997,,,,,,Misdirected payment returned. James Park confirmed receipt and apologized for the error.,Billing System,,,
BIL-5081,2025-04-30 09:00:00,payment_received,INV-2025-MH-017,Payment received via SEPA Credit Transfer,18583.58,EUR,SEPA_CT,MERIDIAN HEALTH BV / INV-2025-MH-017,2025-05-01,2025-04-30,-1,,,paid,,,REM-MH-2025-017,SEPA/202504/MERIDIANHLTH/204694,,,,,,,,,,
BIL-5082,2025-04-30 15:00:00,reconciled,INV-2025-MH-017,Invoice reconciled. Auto-matched via remittance reference.,,EUR,,,,,,,,reconciled,,,,,,,,,,,Billing System,,,
BIL-5083,2025-05-01 09:00:00,invoice_issued,INV-2025-MH-018,Monthly subscription - May 2025,18583.59,EUR,,,2025-05-31,,,25 Engineering (Enterprise); 12 Marketing; 5% discount,PO-MH-2024-1203,issued,,,,,,,,3225.26,21.0,,Billing System,,,CTR-2024-MH-002
BIL-5084,2025-05-01 09:05:00,email_sent,INV-2025-MH-018,Invoice INV-2025-MH-018 sent to j.park@meridianhealth.com,,EUR,,,,,,,,sent,,,,,,,,,,,Billing System,,,
BIL-5085,2025-05-31 09:00:00,payment_reminder_sent,INV-2025-MH-018,Automated payment reminder sent for INV-2025-MH-018,,EUR,,,,,,,,overdue,,,,,,,,,,,Billing System,,,
BIL-5086,2025-06-01 09:00:00,payment_received,INV-2025-MH-018,Payment received via SEPA Credit Transfer,18583.59,EUR,SEPA_CT,MERIDIAN HEALTH BV / INV-2025-MH-018,2025-05-31,2025-06-01,1,,,paid,,,REM-MH-2025-018,SEPA/202505/MERIDIANHLTH/879232,,,,,,,,,,
BIL-5088,2025-06-01 09:00:00,invoice_issued,INV-2025-MH-019,Monthly subscription - June 2025,18583.58,EUR,,,2025-07-01,,,25 Engineering (Enterprise); 12 Marketing; 5% discount,PO-MH-2024-1203,issued,,,,,,,,3225.25,21.0,,Billing System,,,CTR-2024-MH-002
BIL-5089,2025-06-01 09:05:00,email_sent,INV-2025-MH-019,Invoice INV-2025-MH-019 sent to j.park@meridianhealth.com,,EUR,,,,,,,,sent,,,,,,,,,,,Billing System,,,
BIL-5087,2025-06-01 12:00:00,reconciled,INV-2025-MH-018,Invoice reconciled. Auto-matched via remittance reference.,,EUR,,,,,,,,reconciled,,,,,,,,,,,Billing System,,,
BIL-5090,2025-06-30 09:00:00,payment_received,INV-2025-MH-019,Payment received via SEPA Credit Transfer,18583.58,EUR,SEPA_CT,MERIDIAN HEALTH BV / INV-2025-MH-019,2025-07-01,2025-06-30,-1,,,paid,,,REM-MH-2025-019,SEPA/202506/MERIDIANHLTH/199535,,,,,,,,,,
BIL-5149,2025-06-30 10:00:00,report_generated,,Quarterly utilization report generated for Q2 2025,,EUR,,,,,,,,,,,,,,,,,,CFO requirement per renewal terms. Sent to j.park@meridianhealth.com,Billing System,,,CTR-2024-MH-002
BIL-5091,2025-06-30 14:00:00,reconciled,INV-2025-MH-019,Invoice reconciled. Auto-matched via remittance reference.,,EUR,,,,,,,,reconciled,,,,,,,,,,,Billing System,,,
BIL-5092,2025-07-01 09:00:00,invoice_issued,INV-2025-MH-020,Monthly subscription - July 2025,18583.58,EUR,,,2025-07-31,,,25 Engineering (Enterprise); 12 Marketing; 5% discount,PO-MH-2024-1203,issued,,,,,,,,3225.25,21.0,,Billing System,,,CTR-2024-MH-002
BIL-5093,2025-07-01 09:05:00,email_sent,INV-2025-MH-020,Invoice INV-2025-MH-020 sent to j.park@meridianhealth.com,,EUR,,,,,,,,sent,,,,,,,,,,,Billing System,,,
BIL-5154,2025-07-08 09:00:00,note,,Internal note: Meridian H1 2025 payment summary. Average days to pay: 36 (6 days late). This is consistent with the post-CFO pattern. No invoices >45 days overdue. Credit risk: LOW. No action required but noting for renewal context.,,EUR,,,,,,,,,,,,,,,,,,Semi-annual review. No escalation needed.,Sofia Martinez,,,
BIL-5098,2025-08-01 09:00:00,invoice_issued,INV-2025-MH-021,Monthly subscription - August 2025,18583.58,EUR,,,2025-08-31,,,25 Engineering (Enterprise); 12 Marketing; 5% discount,PO-MH-2024-1203,issued,,,,,,,,3225.25,21.0,,Billing System,,,CTR-2024-MH-002
BIL-5099,2025-08-01 09:05:00,email_sent,INV-2025-MH-021,Invoice INV-2025-MH-021 sent to j.park@meridianhealth.com,,EUR,,,,,,,,sent,,,,,,,,,,,Billing System,,,
BIL-5094,2025-08-05 00:00:00,payment_reminder_sent,INV-2025-MH-020,Automated payment reminder sent for INV-2025-MH-020,,EUR,,,,,,,,overdue,,,,,,,,,,,Billing System,,,
BIL-5096,2025-08-09 09:00:00,payment_received,INV-2025-MH-020,Payment received via SEPA Credit Transfer,18583.58,EUR,SEPA_CT,MERIDIAN HEALTH BV / INV-2025-MH-020,2025-07-31,2025-08-09,9,,,paid,,,REM-MH-2025-020,SEPA/202507/MERIDIANHLTH/967551,,,,,,,,,,
BIL-5097,2025-08-09 10:00:00,reconciled,INV-2025-MH-020,Invoice reconciled. Auto-matched via remittance reference.,,EUR,,,,,,,,reconciled,,,,,,,,,,,Billing System,,,
BIL-5095,2025-08-10 00:00:00,payment_reminder_sent,INV-2025-MH-020,Second payment reminder sent for INV-2025-MH-020,,EUR,,,,,,,,overdue,,,,,,,,,,"Second reminder. Per escalation policy, AM to be notified if payment not received within 5 days.",Billing System,,,
BIL-5105,2025-09-01 09:00:00,invoice_issued,INV-2025-MH-022,Monthly subscription - September 2025,18583.58,EUR,,,2025-10-01,,,25 Engineering (Enterprise); 12 Marketing; 5% discount,PO-MH-2024-1203,issued,,,,,,,,3225.25,21.0,,Billing System,,,CTR-2024-MH-002
BIL-5106,2025-09-01 09:05:00,email_sent,INV-2025-MH-022,Invoice INV-2025-MH-022 sent to j.park@meridianhealth.com,,EUR,,,,,,,,sent,,,,,,,,,,,Billing System,,,
BIL-5100,2025-09-05 00:00:00,payment_reminder_sent,INV-2025-MH-021,Automated payment reminder sent for INV-2025-MH-021,,EUR,,,,,,,,overdue,,,,,,,,,,,Billing System,,,
BIL-5101,2025-09-10 00:00:00,payment_reminder_sent,INV-2025-MH-021,Second payment reminder sent for INV-2025-MH-021,,EUR,,,,,,,,overdue,,,,,,,,,,"Second reminder. Per escalation policy, AM to be notified if payment not received within 5 days.",Billing System,,,
BIL-5102,2025-09-10 09:00:00,payment_received,INV-2025-MH-021,PARTIAL payment received via SEPA Credit Transfer,11150.15,EUR,SEPA_CT,MERIDIAN HEALTH BV / INV-2025-MH-021,2025-08-31,2025-09-10,10,,,partial,,,REM-MH-2025-021,SEPA/202508/MERIDIANHLTH/211648,,,,,,"Partial payment. €11,143.70 received of €18,583.58 total. Reason unknown.",,,,
BIL-5103,2025-09-17 09:00:00,payment_received,INV-2025-MH-021,Second partial payment received. Invoice now fully paid.,7433.43,EUR,SEPA_CT,MERIDIAN HEALTH BV / INV-2025-MH-021 BALANCE,2025-08-31,2025-09-17,17,,,paid,,,REM-MH-2025-021-B,SEPA/202508/MERIDIANHLTH/385132,,,,,,Balance payment. James Park explained: 'AP accidentally split the payment due to a batch processing error. Won't happen again.',,,,
BIL-5104,2025-09-17 13:00:00,reconciled,INV-2025-MH-021,Invoice reconciled. Two partial payments matched to single invoice.,,EUR,,,,,,,,reconciled,,,,,,,,,,Manual reconciliation of split payment.,Sofia Martinez,,,
BIL-5150,2025-09-30 10:00:00,report_generated,,Quarterly utilization report generated for Q3 2025,,EUR,,,,,,,,,,,,,,,,,,CFO requirement per renewal terms. Sent to j.park@meridianhealth.com,Billing System,,,CTR-2024-MH-002
BIL-5111,2025-10-01 09:00:00,invoice_issued,INV-2025-MH-023,Monthly subscription - October 2025,18583.58,EUR,,,2025-10-31,,,25 Engineering (Enterprise); 12 Marketing; 5% discount,PO-MH-2024-1203,issued,,,,,,,,3225.25,21.0,,Billing System,,,CTR-2024-MH-002
BIL-5112,2025-10-01 09:05:00,email_sent,INV-2025-MH-023,Invoice INV-2025-MH-023 sent to j.park@meridianhealth.com,,EUR,,,,,,,,sent,,,,,,,,,,,Billing System,,,
BIL-5107,2025-10-06 00:00:00,payment_reminder_sent,INV-2025-MH-022,Automated payment reminder sent for INV-2025-MH-022,,EUR,,,,,,,,overdue,,,,,,,,,,,Billing System,,,
BIL-5109,2025-10-10 09:00:00,payment_received,INV-2025-MH-022,Payment received via SEPA Credit Transfer,18583.58,EUR,SEPA_CT,MERIDIAN HEALTH BV / INV-2025-MH-022,2025-10-01,2025-10-10,9,,,paid,,,REM-MH-2025-022,SEPA/202509/MERIDIANHLTH/757529,,,,,,,,,,
BIL-5110,2025-10-10 14:00:00,reconciled,INV-2025-MH-022,Invoice reconciled. Auto-matched via remittance reference.,,EUR,,,,,,,,reconciled,,,,,,,,,,,Billing System,,,
BIL-5108,2025-10-11 00:00:00,payment_reminder_sent,INV-2025-MH-022,Second payment reminder sent for INV-2025-MH-022,,EUR,,,,,,,,overdue,,,,,,,,,,"Second reminder. Per escalation policy, AM to be notified if payment not received within 5 days.",Billing System,,,
BIL-5201,2025-11-01 09:00:00,invoice_issued,INV-2025-MH-024,Monthly subscription - November 2025,18583.58,EUR,,,2025-11-30,,,25 Engineering (Enterprise); 12 Marketing; 5% discount,PO-MH-2024-1203,issued,,,,,,,,,,,Billing System,,,CTR-2024-MH-002
BIL-5202,2025-11-01 09:05:00,email_sent,INV-2025-MH-024,Invoice INV-2025-MH-024 sent to j.park@meridianhealth.com,,EUR,,,,,,,PO-MH-2024-1203,sent,,,,,,,,,,,Billing System,,,CTR-2024-MH-002
BIL-5203,2025-11-10 09:00:00,payment_reminder_sent,INV-2025-MH-024,Payment reminder for INV-2025-MH-024,,EUR,,,,,,,PO-MH-2024-1203,overdue,,,,,,,,,,,Billing System,,,CTR-2024-MH-002
BIL-5204,2025-11-14 09:00:00,payment_received,INV-2025-MH-024,Payment received via SEPA Credit Transfer,18583.58,EUR,SEPA_CT,,2025-11-30,2025-11-14,-16,,PO-MH-2024-1203,paid,,,,SEPA/202511/MERIDIAN/404832,,,,,,,Billing System,,,CTR-2024-MH-002
BIL-5205,2025-11-14 11:00:00,reconciled,INV-2025-MH-024,Auto-matched via remittance reference.,,EUR,,,,,,,PO-MH-2024-1203,reconciled,,,,,,,,,,,Billing System,,,CTR-2024-MH-002
BIL-5206,2025-12-01 09:00:00,invoice_issued,INV-2025-MH-025,Monthly subscription - December 2025,18583.58,EUR,,,2025-12-31,,,25 Engineering (Enterprise); 12 Marketing; 5% discount,PO-MH-2024-1203,issued,,,,,,,,,,,Billing System,,,CTR-2024-MH-002
BIL-5207,2025-12-01 09:05:00,email_sent,INV-2025-MH-025,Invoice INV-2025-MH-025 sent to j.park@meridianhealth.com,,EUR,,,,,,,PO-MH-2024-1203,sent,,,,,,,,,,,Billing System,,,CTR-2024-MH-002
BIL-5208,2025-12-15 16:00:00,note,,"SLA BREACH: 4.5-hour service disruption on Dec 15 affecting API monitoring for all Meridian services. Per contract Section 7.2 (99.9% monthly uptime SLA), customer is entitled to a 5% service credit on the next monthly invoice. Credit amount: €929.18 (5% of gross monthly). AM Elena Rodriguez notified. Credit to be applied to January 2026 invoice.",,EUR,,,,,,,PO-MH-2024-1203,,,,,,,,,,,SLA breach logged. Elena Rodriguez aware. Credit pending application to INV-2026-MH-026.,Operations Team,,,CTR-2024-MH-002
BIL-5209,2025-12-18 09:00:00,payment_received,INV-2025-MH-025,Payment received via SEPA Credit Transfer,18583.58,EUR,SEPA_CT,,2025-12-31,2025-12-18,-13,,PO-MH-2024-1203,paid,,,,SEPA/202512/MERIDIAN/130479,,,,,,,Billing System,,,CTR-2024-MH-002
BIL-5210,2025-12-18 11:00:00,reconciled,INV-2025-MH-025,Auto-matched.,,EUR,,,,,,,PO-MH-2024-1203,reconciled,,,,,,,,,,,Billing System,,,CTR-2024-MH-002
BIL-5211,2025-12-18 14:00:00,credit_note_issued,CN-2025-MH-002,"SLA credit note — Dec 15 service disruption. 5% of monthly subscription per contract Section 7.2. Net: €767.92, Tax: €161.26, Total: €929.18. To be applied to January 2026 invoice (INV-2026-MH-026).",-929.18,EUR,,,,,,,PO-MH-2024-1203,issued,,,,,,,,,,Credit note generated. PENDING application to January invoice. AM Elena Rodriguez to confirm application during invoice review.,Sofia Martinez,,,CTR-2024-MH-002
BIL-5212,2025-12-19 10:00:00,note,,"AM transition: Elena Rodriguez transitioning Meridian Health account to Tomás Herrera effective today (Dec 19). Key pending items: (1) SLA credit CN-2025-MH-002 (generated yesterday) to be applied to January invoice, (2) marketing seat review pending, (3) renewal preparation for Nov 2026. Handoff meeting scheduled Dec 22.",,EUR,,,,,,,PO-MH-2024-1203,,,,,,,,,,,Elena's handoff note. Contains reference to pending SLA credit. Credit note was generated just one day before Elena's departure.,Elena Rodriguez,,,CTR-2024-MH-002
BIL-5213,2026-01-01 09:00:00,invoice_issued,INV-2026-MH-026,Monthly subscription - January 2026,18583.58,EUR,,,2026-01-31,,,25 Engineering (Enterprise); 12 Marketing; 5% discount,PO-MH-2024-1203,issued,,,,,,,,,,NOTE: SLA credit CN-2025-MH-002 (€929.18) was NOT applied to this invoice. Credit note exists but was not flagged during invoice generation. New AM Tomás Herrera had been on the account since Dec 19 and was informed about the credit in the Dec 22 handoff meeting but did not verify application before the auto-generated invoice was sent.,Billing System,,,CTR-2024-MH-002
BIL-5214,2026-01-01 09:05:00,email_sent,INV-2026-MH-026,Invoice INV-2026-MH-026 sent to j.park@meridianhealth.com,,EUR,,,,,,,PO-MH-2024-1203,sent,,,,,,,,,,,Billing System,,,CTR-2024-MH-002
BIL-5215,2026-01-19 14:00:00,note,INV-2026-MH-026,Customer inquiry: James Park (Procurement Dir) contacted new AM Tomás Herrera reporting that SLA credit from December incident was not applied to this invoice. Tomás investigating. Credit note CN-2025-MH-002 exists but was not applied during invoice generation.,,EUR,,,,,,,PO-MH-2024-1203,,,,,,,,,,,Customer-reported billing discrepancy. New AM had no context on pending credit.,Tomás Herrera,,,CTR-2024-MH-002
BIL-5216,2026-01-22 10:00:00,note,INV-2026-MH-026,"Resolution agreed with James Park: January invoice (INV-2026-MH-026) to be paid at full amount (€18,583.58). SLA credit CN-2025-MH-002 (€929.18) will be applied to February invoice (INV-2026-MH-027). Customer confirmed via email. Meridian finance team will pay January in two installments: Engineering department and Marketing department separately.",,EUR,,,,,,,PO-MH-2024-1203,,,,,,,,,,,"Split payment arrangement confirmed. Engineering pays first, Marketing follows.",Tomás Herrera,,,CTR-2024-MH-002
BIL-5217,2026-01-26 09:00:00,payment_received,INV-2026-MH-026,Partial payment received — Engineering department,13937.69,EUR,SEPA_CT,,2026-01-31,2026-01-26,-5,,PO-MH-2026-0045-ENG,partial,,,,SEPA/202601/MERIDIAN-ENG/469237,,,,,,"Engineering department portion. Remaining €4,645.90 expected from Marketing department.",Billing System,,Engineering,CTR-2024-MH-002
BIL-5218,2026-01-29 09:00:00,payment_received,INV-2026-MH-026,Partial payment received — Marketing department,4645.89,EUR,SEPA_CT,,2026-01-31,2026-01-29,-2,,PO-MH-2026-0046-MKT,paid,,,,SEPA/202601/MERIDIAN-MKT/245034,,,,,,Marketing department portion. Invoice now fully paid. Two separate SEPA transfers from different cost centers.,Billing System,,Marketing,CTR-2024-MH-002
BIL-5219,2026-01-29 14:00:00,reconciled,INV-2026-MH-026,"Manually reconciled — two partial payments matched to single invoice. Engineering (€13,937.69) + Marketing (€4,645.89) = €18,583.58.",,EUR,,,,,,,PO-MH-2024-1203,reconciled,,,,,,,,,,Manual reconciliation required due to split payment from two cost centers. First time Meridian has split a payment.,Billing System,,,CTR-2024-MH-002
BIL-5220,2026-02-01 09:00:00,invoice_issued,INV-2026-MH-027,Monthly subscription - February 2026,17654.40,EUR,,,2026-02-28,,,25 Engineering (Enterprise); 12 Marketing; 5% discount; SLA credit CN-2025-MH-002: -€929.18,PO-MH-2024-1203,issued,CN-2025-MH-002,,,,,,,,,SLA credit applied per agreement with James Park. Standard: €18583.58. Credit: -€929.18. Net invoice: €17654.4. Tomás Herrera confirmed application.,Billing System,,,CTR-2024-MH-002
BIL-5221,2026-02-01 09:05:00,email_sent,INV-2026-MH-027,Invoice INV-2026-MH-027 sent to j.park@meridianhealth.com — includes SLA credit CN-2025-MH-002,,EUR,,,,,,,PO-MH-2024-1203,sent,,,,,,,,,,Tomás verified credit application before sending. James Park had sent a reminder on Jan 25.,Billing System,,,CTR-2024-MH-002
BIL-5222,2026-02-01 09:10:00,credit_applied,CN-2025-MH-002,SLA credit CN-2025-MH-002 applied to INV-2026-MH-027. Amount: -€929.18.,-929.18,EUR,,,,,,,PO-MH-2024-1203,applied,,,,,,,,,,"Credit note fully applied. Originally issued Dec 18, 2025. Application delayed by 44 days due to AM transition.",Billing System,,,CTR-2024-MH-002
BIL-5223,2026-02-13 09:00:00,payment_received,INV-2026-MH-027,Partial payment received — Engineering department,13240.80,EUR,SEPA_CT,,2026-02-28,2026-02-13,-15,,PO-MH-2026-0045-ENG,partial,,,,SEPA/202602/MERIDIAN-ENG/317798,,,,,,Engineering portion of discounted invoice. Remaining €4413.6 from Marketing.,Billing System,,Engineering,CTR-2024-MH-002
BIL-5224,2026-02-21 09:00:00,payment_received,INV-2026-MH-027,Partial payment received — Marketing department,4413.60,EUR,SEPA_CT,,2026-02-28,2026-02-21,-7,,PO-MH-2026-0046-MKT,paid,,,,SEPA/202602/MERIDIAN-MKT/480150,,,,,,Marketing department portion. Invoice fully paid. Continued split-payment pattern from January.,Billing System,,Marketing,CTR-2024-MH-002
BIL-5225,2026-02-21 14:00:00,reconciled,INV-2026-MH-027,Manually reconciled — two partial payments. Engineering (€13240.8) + Marketing (€4413.6) = €17654.4. SLA credit verified.,,EUR,,,,,,,PO-MH-2024-1203,reconciled,,,,,,,,,,Second consecutive split payment. This appears to be the new payment pattern from Meridian.,Billing System,,,CTR-2024-MH-002
BIL-5226,2026-03-01 09:00:00,invoice_issued,INV-2026-MH-028,Monthly subscription - March 2026,18583.58,EUR,,,2026-03-31,,,25 Engineering (Enterprise); 12 Marketing; 5% discount,PO-MH-2024-1203,issued,,,,,,,,,,Back to standard billing. SLA credit fully applied in February.,Billing System,,,CTR-2024-MH-002
BIL-5227,2026-03-01 09:05:00,email_sent,INV-2026-MH-028,Invoice INV-2026-MH-028 sent to j.park@meridianhealth.com,,EUR,,,,,,,PO-MH-2024-1203,sent,,,,,,,,,,,Billing System,,,CTR-2024-MH-002
