id,timestamp,activity_type,direction,contact_name,contact_title,contact_email,logged_by,subject,body,sentiment,deal_stage,deal_value,tags,duration_min,follow_up_date,follow_up_done,attachment,channel
CRM-001,2023-09-12 09:14:00,meeting,outbound,Sarah Chen,VP Engineering,s.chen@meridianhealth.com,Elena Rodriguez,Intro Call - Athena Cloud API Monitoring,"Had a great intro call with Sarah. She's frustrated with their current monitoring setup (homegrown, breaking constantly). Engineering team is ~40 people, growing fast. She mentioned they lose 2-3 hours per incident on debugging because their tooling doesn't give them enough visibility. Wants to see a demo next week. Very engaged, asked detailed technical questions. Also mentioned they have a marketing ops team that might benefit but said 'let's start with engineering.'",positive,discovery,180000,"new_business,engineering,healthcare",45,2023-09-19,TRUE,,zoom
CRM-002,2023-09-14 11:30:00,email,inbound,Sarah Chen,VP Engineering,s.chen@meridianhealth.com,Elena Rodriguez,Re: Follow up from our call,"Hi Elena, Thanks for the call on Tuesday. I've shared the overview deck with my team and there's genuine interest. Could you send over some case studies from other healthcare-tech companies? We're particularly interested in how you handle HIPAA compliance for the monitoring data. Also, James Park from our procurement team will need to be involved early — he's pretty thorough with new vendors. Best, Sarah",positive,discovery,180000,"new_business,procurement_involved",,,,email,
CRM-003,2023-09-15 08:45:00,email,outbound,Sarah Chen,VP Engineering,s.chen@meridianhealth.com,Elena Rodriguez,RE: Follow up from our call,"Hi Sarah, Great to hear! I'm attaching two healthcare case studies (Quantum Biotech and HealthFirst). Both went through HIPAA review — happy to walk James through our compliance posture whenever works. Sending a calendar invite for the demo next Tuesday. Looking forward to it! - Elena",positive,discovery,180000,"new_business,case_studies_sent",,,healthcare_casestudies_v3.pdf,email,
CRM-004,2023-09-19 14:00:00,meeting,outbound,"Sarah Chen, David Wu",VP Engineering; Senior DevOps,s.chen@meridianhealth.com,Elena Rodriguez,Technical Demo - Athena Cloud,"Demo went really well. David Wu (Sarah's lead DevOps) was very hands-on, asked about API rate limits and webhook integrations. Sarah seemed impressed with the alerting features. David said 'this would have saved us 40 hours last month alone on the payment gateway incident.' They want to do a 2-week POC with their staging environment. Sarah asked about pricing — I gave the standard range (€7-9/seat depending on tier). She didn't flinch. James Park was supposed to join but had a conflict.",positive,evaluation,180000,"demo,poc_requested,pricing_discussed",60,2023-09-26,TRUE,,zoom
CRM-005,2023-09-22 10:20:00,email,inbound,James Park,Procurement Director,j.park@meridianhealth.com,Elena Rodriguez,Vendor Assessment - Athena Cloud,"Hi Elena, Sarah forwarded me the details about Athena Cloud. Before we proceed with a POC, I'll need the following: 1) SOC2 Type II report 2) HIPAA BAA template 3) Data processing agreement 4) Company financial information (last 2 years) 5) Insurance certificates 6) References (2 healthcare companies) Please send these at your earliest convenience. We have a standard 4-week onboarding process for new vendors. Regards, James Park",neutral,evaluation,180000,"procurement,compliance_docs_requested",,2023-09-25,TRUE,,email
CRM-006,2023-09-25 09:00:00,email,outbound,James Park,Procurement Director,j.park@meridianhealth.com,Elena Rodriguez,RE: Vendor Assessment - Athena Cloud,"Hi James, Please find attached all requested documents. Happy to jump on a call if you have any questions about the SOC2 report or BAA. - Elena",neutral,evaluation,180000,compliance_docs_sent,,,compliance_pack_meridian.zip,email,
CRM-007,2023-10-03 15:30:00,call,outbound,James Park,Procurement Director,j.park@meridianhealth.com,Elena Rodriguez,Compliance follow-up call,Called James to check in on the doc review. He said everything looks good so far but their legal team flagged a clause in our DPA about data retention. Needs us to amend Section 4.2 to specify 90-day retention instead of 180. I said I'd check with our legal. Also mentioned they're looking at one other vendor (didn't say who) but Sarah prefers us. James is methodical but fair.,neutral,evaluation,180000,"legal_review,competitor_mentioned",20,2023-10-06,TRUE,,phone
CRM-008,2023-10-06 14:00:00,email,outbound,James Park,Procurement Director,j.park@meridianhealth.com,Elena Rodriguez,Updated DPA - Athena Cloud,"Hi James, Our legal team has amended Section 4.2 as discussed. 90-day retention is confirmed. Please find the updated DPA attached. Let me know if this clears the remaining items. Best, Elena",neutral,evaluation,180000,dpa_amended,,,DPA_Meridian_v2_amended.pdf,email,
CRM-009,2023-10-10 11:00:00,meeting,outbound,"Sarah Chen, David Wu, James Park",VP Engineering; Senior DevOps; Procurement Director,"s.chen@meridianhealth.com, d.wu@meridianhealth.com, j.park@meridianhealth.com",Elena Rodriguez,POC Kickoff - Athena Cloud,"POC officially kicked off. Engineering is deploying to their staging env this week. 25 engineering seats + 25 marketing seats (Sarah insisted on including marketing from the start even though the primary value is engineering). David will be the technical lead for the POC. James confirmed the amended DPA is approved. 2-week POC timeline, evaluation meeting on Oct 24. Sarah mentioned their deployment cycle is currently ~4 days and they'd love to get it under 3.",positive,poc,180000,"poc_started,engineering,marketing",45,2023-10-24,TRUE,,zoom
CRM-010,2023-10-17 16:45:00,note,internal,,,,Elena Rodriguez,POC midpoint check,"Spoke with David Wu informally. Engineering team is loving it. They found 3 critical issues in their payment gateway that their old monitoring missed. David said 'Sarah is going to be very happy about this.' Marketing team hasn't really started using it yet — Lisa Huang (Marketing Ops Manager) was supposed to set it up but hasn't gotten around to it. Not worried, engineering is the priority.",positive,poc,180000,"poc_update,marketing_slow_adoption",,,,internal,
CRM-011,2023-10-24 14:00:00,meeting,outbound,"Sarah Chen, David Wu, James Park, Lisa Huang",VP Engineering; Senior DevOps; Procurement Director; Marketing Ops Manager,"s.chen@meridianhealth.com, d.wu@meridianhealth.com, j.park@meridianhealth.com, l.huang@meridianhealth.com",Elena Rodriguez,POC Evaluation Meeting,POC results are strong. Engineering: deployment cycle reduced from 4.1 days to 2.7 days (34% improvement). Found 3 P1 issues in payment gateway. David's team wants to keep going. Marketing: Lisa admitted they only got around to it in the last few days. She set up basic monitoring for their campaign APIs but hasn't explored deeply. Said 'it looks useful but we haven't had time.' I suggested keeping the 25 marketing seats and she agreed. James asked about pricing — I presented the Growth tier at €7.40/seat for Engineering and €8.10/seat for Marketing (slightly different config). Total: €180K/year. James said he'd take it to their budget approval process. Sarah gave a verbal thumbs up.,positive,negotiation,180000,"poc_complete,pricing_presented,strong_results",60,2023-10-31,TRUE,,zoom
CRM-012,2023-10-28 09:30:00,email,inbound,James Park,Procurement Director,j.park@meridianhealth.com,Elena Rodriguez,RE: Athena Cloud Proposal,"Elena, The proposal has been approved internally. We'd like to proceed with a 12-month contract starting November 1. A few things: 1) Can we get the first month prorated since we're starting mid-cycle? 2) Payment terms: our standard is Net 30. 3) We need the contract signed by Oct 31 to fit within this quarter's budget. Please send the final contract. - James",positive,negotiation,180000,"approved,contract_requested",,,,,email
CRM-013,2023-10-30 10:00:00,email,outbound,James Park,Procurement Director,j.park@meridianhealth.com,Elena Rodriguez,Athena Cloud Contract - Meridian Health,"Hi James, Wonderful news! Contract attached with the following terms: - 12-month term, Nov 1 2023 - Oct 31 2024 - 25 Engineering seats @ €7.40/seat/month - 25 Marketing seats @ €8.10/seat/month - Annual value: €180,000 - Payment terms: Net 30 - First month prorated as requested Please route for signature. Looking forward to a great partnership! - Elena",positive,closed_won,180000,contract_sent,,,Contract_MeridianHealth_2023.pdf,email,
CRM-014,2023-10-31 16:55:00,note,internal,,,,Elena Rodriguez,DEAL CLOSED - Meridian Health,"Contract signed by both parties. 12-month deal, €180K ACV. Engineering is the anchor — 34% deployment cycle improvement during POC. Marketing is along for the ride. Need to make sure Lisa's team actually uses it or we'll have a problem at renewal. Setting up quarterly QBRs with Sarah.",positive,closed_won,180000,"closed,qbr_scheduled",,,,internal,
CRM-015,2023-11-15 14:00:00,meeting,outbound,"Sarah Chen, David Wu",VP Engineering; Senior DevOps,s.chen@meridianhealth.com,Elena Rodriguez,Onboarding Check-in (Week 2),"Everything smooth on the engineering side. David's team is fully onboarded, using all core features. They've set up 14 custom alert rules. Sarah is happy. Marketing team status: Lisa hasn't responded to my last two emails about scheduling a training session. Going to try reaching out via Sarah.",positive,active,180000,"onboarding,marketing_unresponsive",30,2023-11-22,TRUE,,zoom
CRM-016,2023-11-22 11:00:00,email,outbound,Lisa Huang,Marketing Ops Manager,l.huang@meridianhealth.com,Elena Rodriguez,Athena Cloud Training for Marketing,"Hi Lisa, Hope you're well! I wanted to reach out about scheduling a training session for your marketing ops team. We've got some great templates for campaign API monitoring that other marketing teams have found really valuable. Would next Tuesday or Wednesday work for a 30-min session? Happy to work around your schedule. Best, Elena",neutral,active,180000,"training_offered,marketing",,2023-11-29,TRUE,,email
CRM-017,2023-11-28 09:15:00,email,inbound,Lisa Huang,Marketing Ops Manager,l.huang@meridianhealth.com,Elena Rodriguez,RE: Athena Cloud Training for Marketing,"Hi Elena, Sorry for the late reply — things have been crazy here. Next Wednesday works. Can we keep it to 20 mins? I've got back to back meetings. Lisa",neutral,active,180000,"training_scheduled,marketing",,,,,email
CRM-018,2023-11-29 14:00:00,meeting,outbound,Lisa Huang,Marketing Ops Manager,l.huang@meridianhealth.com,Elena Rodriguez,Marketing Team Training Session,Training with Lisa went OK. She was engaged but clearly stretched thin. Got her set up with the campaign monitoring dashboards and showed her the anomaly detection for ad spend APIs. She seemed genuinely interested in the anomaly detection — said 'we had a rogue API call last month that cost us €8K before anyone noticed.' Only 8 of 25 marketing seats are actually being used. Going to check in again in a month.,neutral,active,180000,"training_complete,marketing,low_adoption",22,2023-12-29,FALSE,,zoom
CRM-019,2024-01-23 14:00:00,meeting,outbound,"Sarah Chen, David Wu, James Park",VP Engineering; Senior DevOps; Procurement Director,"s.chen@meridianhealth.com, d.wu@meridianhealth.com, j.park@meridianhealth.com",Elena Rodriguez,Q1 QBR - Meridian Health,"First QBR. Engineering numbers are excellent: deployment cycle down 34%, MTTR improved 28%, 0 P1 incidents since deploying Athena Cloud. David's team is requesting access to the advanced trace feature (Enterprise tier). I said I'd look into what an upgrade would look like. Marketing: only 10 seats active out of 25. I brought it up gently — Sarah said 'Lisa's team has been restructuring, give them time.' James asked about our roadmap for HIPAA audit logging — told him it's on our Q2 roadmap. Overall very positive QBR. Sarah said 'this is one of the smoothest vendor relationships we have.'",positive,active,180000,"qbr_q1,strong_engineering,marketing_low,enterprise_interest",55,2024-04-23,TRUE,,zoom
CRM-020,2024-02-14 10:00:00,email,inbound,David Wu,Senior DevOps,d.wu@meridianhealth.com,Elena Rodriguez,Enterprise tier features,"Hi Elena, Following up from the QBR — my team really needs the advanced trace and the distributed debugging features. We've been hitting limitations on the Growth tier for our microservices architecture. Can you send over pricing for an Enterprise upgrade? Also, is there a way to get a trial of the Enterprise features before committing? Thanks, David",positive,active,180000,"upsell_interest,enterprise_tier",,2024-02-16,TRUE,,email
CRM-021,2024-02-16 09:30:00,email,outbound,David Wu,Senior DevOps,d.wu@meridianhealth.com,Elena Rodriguez,RE: Enterprise tier features,"Hi David, Great to hear the team is pushing the boundaries! Enterprise tier is €9.80/seat/month for engineering (up from €7.40). That'd be an additional ~€7,200/year for your 25 seats. I can enable a 30-day trial of Enterprise features on your current plan — no commitment needed. Let me know and I'll switch it on today. Best, Elena",positive,active,180000,"enterprise_pricing_sent,trial_offered",,,,,email
CRM-022,2024-02-16 10:45:00,email,inbound,David Wu,Senior DevOps,d.wu@meridianhealth.com,Elena Rodriguez,RE: RE: Enterprise tier features,Yes please!! Switch it on. I'll run it past Sarah but I'm sure she'll approve the upgrade at renewal. - David,positive,active,180000,enterprise_trial_accepted,,,,,email
CRM-023,2024-03-11 08:30:00,note,internal,,,,Elena Rodriguez,Meridian marketing adoption concern,Checked usage dashboards. Marketing team: 10 seats active out of 25. Hasn't changed in 2 months. Lisa hasn't responded to my last check-in email from Feb. Need to address this at Q2 QBR but don't want to make it awkward with Sarah. Maybe position it as 'optimization' rather than 'your marketing team isn't using it.',negative,active,180000,"marketing_concern,adoption_risk",,,,internal,
CRM-024,2024-04-23 14:00:00,meeting,outbound,"Sarah Chen, David Wu, James Park, Lisa Huang",VP Engineering; Senior DevOps; Procurement Director; Marketing Ops Manager,"s.chen@meridianhealth.com, d.wu@meridianhealth.com, j.park@meridianhealth.com, l.huang@meridianhealth.com",Elena Rodriguez,Q2 QBR - Meridian Health,"Mixed QBR. Engineering continues to be stellar — David's team is now using Enterprise trial features heavily. He presented internal data showing MTTR went from 4.2 hours to 1.8 hours since Athena Cloud. Sarah is very happy with engineering. Marketing is the problem. Lisa attended but was disengaged — checking her phone, giving short answers. Only 12 of 25 seats active (was 10 last quarter, so slight improvement but not meaningful). I asked if we could help optimize their setup. Lisa said 'honestly we've been going through a restructure and I'm not sure how many of these seats we actually need.' Sarah jumped in: 'let's table that for now, Lisa's team is still settling.' James asked about the Enterprise upgrade pricing — told him we'd fold it into the renewal discussion. I didn't push on the marketing seats. Maybe I should have.",neutral,active,180000,"qbr_q2,marketing_issue_surfaced,enterprise_discussion,lisa_disengaged",50,2024-07-23,TRUE,,zoom
CRM-025,2024-05-08 14:22:00,email,inbound,Sarah Chen,VP Engineering,s.chen@meridianhealth.com,Elena Rodriguez,Quick question,"Elena, Quick one — David's team wants to know if there's a way to get a bulk export of our monitoring data for compliance reporting. They need it for our annual HIPAA audit. Is this something the Enterprise tier supports? Thanks, Sarah",neutral,active,180000,"feature_request,compliance,hipaa",,2024-05-09,TRUE,,email
CRM-026,2024-05-09 09:00:00,email,outbound,Sarah Chen,VP Engineering,s.chen@meridianhealth.com,Elena Rodriguez,RE: Quick question,"Hi Sarah, Yes! The Enterprise tier includes full audit log exports with HIPAA-compliant formatting. Since David's team is on the Enterprise trial, they already have access — I'll send David a quick guide on how to run the export. Perfect timing with the audit coming up. - Elena",positive,active,180000,"feature_confirmed,support_provided",,,,,email
CRM-027,2024-06-10 09:00:00,note,internal,,,,Elena Rodriguez,Renewal planning - Meridian,"Renewal is in ~5 months (Nov 1). Need to start thinking about strategy. Engineering is a lock — they love us and the Enterprise upgrade is basically confirmed. Marketing is the elephant in the room. 12/25 seats active, Lisa's team restructured, she basically said she doesn't know if they need the seats. Options: 1) Push for full renewal and hope marketing picks up. 2) Proactively offer to reduce marketing seats to 12 (match actual usage). 3) Bundle the Engineering Enterprise upgrade with a marketing reduction. Going to think on this.",neutral,active,180000,"renewal_planning,strategy_needed",,,,internal,
CRM-028,2024-07-15 11:30:00,call,outbound,Sarah Chen,VP Engineering,s.chen@meridianhealth.com,Elena Rodriguez,Informal check-in with Sarah,"Called Sarah for an informal catch-up. She mentioned she's been interviewing for CTO roles at other companies but 'nothing concrete yet.' Also said their board is pushing for more operational efficiency — 'every department is being asked to justify their vendor spend.' I asked how that affects us and she said 'engineering is fine, you're one of our best vendors. Marketing... I honestly don't know.' She suggested we start the renewal conversation early so she can champion it internally before the budget review cycle. Good advice.",neutral,active,180000,"renewal_early_start,cto_search,budget_scrutiny,champion_signal",25,2024-08-01,TRUE,,phone
CRM-029,2024-07-23 14:00:00,meeting,outbound,"Sarah Chen, David Wu, James Park",VP Engineering; Senior DevOps; Procurement Director,"s.chen@meridianhealth.com, d.wu@meridianhealth.com, j.park@meridianhealth.com",Elena Rodriguez,Q3 QBR - Meridian Health,"Solid QBR for engineering, awkward for marketing. David presented his team's metrics: deployment cycle 2.7 days (34% improvement sustained), MTTR 1.8 hours (was 4.2), zero P1 incidents in 9 months. He's pushing hard for the Enterprise upgrade. James is receptive but wants it bundled into the renewal pricing. Lisa was not invited this time — Sarah said 'her team is still in flux.' I didn't bring up the marketing seats. In retrospect I probably should have — James mentioned that their new CFO (started 2 months ago, comes from McKinsey) is 'looking at everything.' That felt like a warning. Need to address the marketing situation before renewal or it'll blow up.",neutral,active,180000,"qbr_q3,new_cfo,marketing_not_invited,warning_signal",45,2024-08-15,TRUE,,zoom
CRM-030,2024-08-05 15:00:00,email,inbound,James Park,Procurement Director,j.park@meridianhealth.com,Elena Rodriguez,Renewal timeline,"Elena, Wanted to give you a heads up — our new CFO Margaret Walsh has asked procurement to review all vendor contracts over €50K as part of a cost optimization initiative. Your renewal will be part of this review. I'd suggest having your ROI numbers ready. The review cycle starts in September. Happy to discuss timing if helpful. - James",neutral,active,180000,"cfo_review,cost_optimization,renewal_risk,helpful_signal",,2024-08-08,TRUE,,email
CRM-031,2024-08-08 10:00:00,email,outbound,James Park,Procurement Director,j.park@meridianhealth.com,Elena Rodriguez,RE: Renewal timeline,"James, Really appreciate the heads up. I'll have a comprehensive ROI package ready well before September. Could we schedule a 30-minute call next week to align on what the CFO's review typically looks for? Want to make sure we're presenting in the right format. Thanks for looking out — really value our working relationship. - Elena",positive,active,180000,"renewal_prep,relationship_building",,2024-08-15,TRUE,,email
CRM-032,2024-08-15 11:00:00,call,outbound,James Park,Procurement Director,j.park@meridianhealth.com,Elena Rodriguez,Renewal prep call with James,"Good call with James. He confirmed the CFO review will look at: 1) Cost vs. value — need hard ROI numbers 2) Competitive alternatives — they'll check what else is available 3) Utilization — are we using what we're paying for? This is where marketing seats are a problem. James was careful not to say it outright but he basically implied: 'if there are seats nobody's using, that'll stand out.' He suggested I get ahead of it. I thanked him. He's clearly on our side but he can't be seen to be coaching vendors. I need to fix the marketing seat issue before September or we're going to have a very uncomfortable renewal conversation.",negative,active,180000,"cfo_review_details,marketing_risk_confirmed,james_coaching",30,2024-09-01,FALSE,,phone
CRM-033,2024-09-04 16:30:00,email,inbound,Sarah Chen,VP Engineering,s.chen@meridianhealth.com,Elena Rodriguez,Big news!,"Elena!! Guess what — I've been promoted to CTO! 🎉 Officially starting in the role next Monday. David is being promoted to VP Engineering to take my old role. I'll still be involved in vendor decisions but at a higher level. Wanted you to hear it from me first. This doesn't change anything about our plans for Athena Cloud — if anything, as CTO I have more influence to push for the Enterprise upgrade. Let's catch up next week? - Sarah",positive,active,180000,"champion_promoted,cto,positive_signal",,2024-09-06,TRUE,,email
CRM-034,2024-09-06 09:00:00,email,outbound,Sarah Chen,CTO,s.chen@meridianhealth.com,Elena Rodriguez,RE: Big news!,"Sarah!! Congratulations — so well deserved! 🎉 This is fantastic news. Would love to catch up next week. Also, since you'll have broader visibility now, I'd love to share some thoughts on how we can make Athena Cloud work even harder across the organization. Congrats again! - Elena",positive,active,180000,"congrats,relationship_maintenance",,,,,email
CRM-035,2024-09-12 10:00:00,meeting,outbound,Sarah Chen,CTO,s.chen@meridianhealth.com,Elena Rodriguez,Catch-up with Sarah (new CTO),"Great meeting with Sarah in her new CTO role. She's energized but stretched thin — 'I'm in 12 meetings a day now.' She confirmed she'll champion the renewal but said 'Margaret [the CFO] is thorough. You need to bring data, not stories.' When I asked about marketing seats she paused and said 'honestly Elena, Lisa's team restructured down to 15 people from 25. I'm not sure we need all those seats. Can you put together some options?' I said I would. THIS IS THE MOMENT I should have proactively offered to reduce the seats. Instead I said 'I'll put together options' — which means I need to actually do it.",neutral,active,180000,"cto_meeting,marketing_reduction_requested,must_follow_up",35,2024-09-20,FALSE,,zoom
CRM-036,2024-09-18 14:15:00,email,inbound,David Wu,VP Engineering,d.wu@meridianhealth.com,Elena Rodriguez,Enterprise upgrade status,"Hi Elena, Now that I'm VP Eng I'm trying to get all our tool upgrades approved before the CFO review. Can you send me the Enterprise tier pricing again? I want to include it in my budget request for Q4. Sarah said she'd support it but I need to run the numbers. Also — random question — have you heard of [Competitor X]? One of my team leads mentioned them. Not saying we're looking but I want to be informed. Thanks, David",neutral,active,180000,"enterprise_pricing_request,competitor_mentioned,david_promoted",,2024-09-19,TRUE,,email
CRM-037,2024-09-19 08:30:00,email,outbound,David Wu,VP Engineering,d.wu@meridianhealth.com,Elena Rodriguez,RE: Enterprise upgrade status,"Hi David, Congrats on the promotion! Enterprise tier for your 25 engineering seats: €9.80/seat/month = €2,940/month = €35,280/year (up from current €22,200/year = +€13,080 annually). Re: [Competitor X] — happy to do a detailed comparison if that would help. We generally see customers who evaluate them come back to us because of our alerting depth and HIPAA compliance, but I'm biased 😊. Let me know if you want me to put together a comparison doc. Best, Elena",positive,active,180000,"enterprise_pricing_sent,competitor_comparison_offered",,,,,email
CRM-038,2024-10-01 09:45:00,email,inbound,James Park,Procurement Director,j.park@meridianhealth.com,Elena Rodriguez,CFO review update,"Elena, FYI — the CFO review for your contract is scheduled for the last week of November. Margaret has asked each vendor's procurement lead (that's me for your contract) to present a utilization analysis. I'll need current usage data from your side. Can you pull a usage report for all Meridian seats? Also, between us, pricing is going to come up. If there's any flexibility, now would be the time. - James",neutral,active,180000,"cfo_review_scheduled,usage_data_requested,pricing_signal",,2024-10-03,TRUE,,email
CRM-039,2024-10-03 11:00:00,email,outbound,James Park,Procurement Director,j.park@meridianhealth.com,Elena Rodriguez,RE: CFO review update,"Hi James, Thanks for the heads up — really appreciate it. I'll have the usage report ready by end of week. Quick question: would it be helpful if I also prepared an ROI analysis showing the business impact? Happy to put together something that makes your presentation easier. RE: pricing — let me put together some options that I think will work for everyone. I have some ideas. Talk soon, Elena",positive,active,180000,"usage_report_promised,roi_offered",,2024-10-07,FALSE,,email
CRM-040,2024-10-10 16:00:00,note,internal,,,,Elena Rodriguez,URGENT - Renewal risk assessment,"OK I need to be honest with myself about where we stand with Meridian. The good: Engineering loves us, Sarah is CTO and a champion, David wants to upgrade to Enterprise. The bad: Marketing has 12/25 seats active and declining, I never followed up on Sarah's request to 'put together options' for marketing (Sept 12 — almost a month ago!!), the new CFO is reviewing everything, James basically told me the utilization numbers will be a problem, and [Competitor X] has been mentioned. I STILL haven't sent James the usage report I promised on Oct 3. I'm dropping balls. Need to prioritize this renewal above everything else for the next 6 weeks.",negative,active,180000,"risk_assessment,dropped_commitments,urgent",,,,internal,
CRM-041,2024-10-14 09:00:00,email,outbound,James Park,Procurement Director,j.park@meridianhealth.com,Elena Rodriguez,Usage Report + ROI Analysis - Meridian Health,"Hi James, Apologies for the delay — attached is the usage report and ROI analysis for your CFO review. Summary: - Engineering: 89% utilization, 34% deployment cycle improvement, est. €115K in annual efficiency gains - Marketing: 48% utilization (12/25 seats active) Happy to discuss. I also have some ideas on restructuring the contract that I think Margaret will appreciate — can we grab 30 mins this week? Best, Elena",neutral,active,180000,"usage_report_sent,roi_sent,late_delivery",,,Usage_Report_Meridian_Oct2024.pdf,email,
CRM-042,2024-10-21 14:00:00,meeting,outbound,"Sarah Chen, James Park",CTO; Procurement Director,"s.chen@meridianhealth.com, j.park@meridianhealth.com",Elena Rodriguez,Pre-renewal strategy meeting,"Met with Sarah and James to discuss renewal approach. I presented the usage data openly — engineering strong, marketing underutilized. Proposed reducing marketing seats from 25 to 15 (matching team size after restructure) and upgrading engineering to Enterprise tier. Sarah liked the approach: 'I appreciate you bringing this up proactively. Margaret will respond well to this.' James agreed: 'much better than us discovering it in the review.' But I noticed he didn't say I should go LOWER than 15 — Lisa's team is only using 12 seats. Maybe I should propose 12 instead of 15? Going to think about it. Net financial impact of my proposal: Marketing reduction (-€9,720/year) + Engineering upgrade (+€13,080/year) = net +€3,360. Not exactly compelling. Need a better structure.",neutral,active,180000,"pre_renewal,proposal_discussed,marketing_reduction",45,2024-11-01,TRUE,,zoom
CRM-043,2024-11-04 11:30:00,email,inbound,Lisa Huang,Marketing Ops Manager,l.huang@meridianhealth.com,Elena Rodriguez,Marketing seats,"Hi Elena, I heard from James that you're looking at restructuring our contract. I just wanted to flag — we actually only use about 12 of the seats actively. The others are allocated to people who left during the restructure or moved to other teams. I've been meaning to bring this up but honestly wasn't sure who to tell. Would be great if we could right-size this. Lisa",neutral,active,180000,"lisa_confirms_12_seats,marketing_overpayment_flagged",,2024-11-06,FALSE,,email
CRM-044,2024-11-06 10:15:00,note,internal,,,,Elena Rodriguez,Lisa's email - need to act,"Lisa just confirmed what I already knew — they only use 12 seats. She's been meaning to bring it up. I should have addressed this months ago when I first saw the usage data. And I promised Sarah I'd 'put together options' back in September and never did. The longer I wait, the worse this looks. Sending the revised proposal to James today.",neutral,active,180000,"self_critique,must_act",,,,internal,
CRM-045,2024-11-12 15:00:00,email,inbound,James Park,Procurement Director,j.park@meridianhealth.com,Elena Rodriguez,Competitor evaluation,"Elena, I should let you know — as part of the CFO review, Margaret has asked us to get comparison quotes from two other vendors including [Competitor X]. This is standard for the review process and doesn't mean anything has changed about our preference. But you should be aware. David's engineering leads have already been asking about [Competitor X]'s debugging features. I think we can make a strong case for Athena Cloud but I need ammunition — hard ROI numbers and a clear comparison. Can we schedule something next week? Also, between us, pricing will come up. If there's any flexibility, now would be the time. - James",neutral,active,180000,"formal_competitor_evaluation,pricing_pressure,urgent",,2024-11-14,TRUE,,email
CRM-046,2024-11-14 14:00:00,meeting,outbound,"Sarah Chen, David Wu, James Park",CTO; VP Engineering; Procurement Director,"s.chen@meridianhealth.com, d.wu@meridianhealth.com, j.park@meridianhealth.com",Elena Rodriguez,Renewal Negotiation Meeting,"Critical meeting. Presented the rebalanced proposal: - Engineering: upgrade to Enterprise tier, 25 seats @ €9.80 = €2,940/mo - Marketing: reduce to 12 seats @ €8.10 = €97.20/mo Total new ACV: €36,446/mo = approx €194K/year (was €180K). Wait, I think I did that math wrong in the meeting. Need to double-check. [Note: the correct calculation is Eng: 25 x €9.80 x 12 = €2,940/mo = €35,280/yr + Mktg: 12 x €8.10 x 12 = €97.20/mo = €1,166/yr. Total = €36,446/yr?? That can't be right. The marketing is per seat per month. 12 x €8.10 = €97.20/mo = €1,166.40/yr. Total = €35,280 + €1,166 = €36,446. No that's wrong — previous was 25 x €7.40 x 12 = €2,220/mo for engineering = €26,640/yr + 25 x €8.10 x 12 = €2,430/mo for marketing = €29,160/yr? Nope. I'm confusing myself. Will recalculate properly.] Bottom line: Sarah and David are supportive. James wants a 5% overall discount to present to Margaret. I said I'd come back with options. [Competitor X] was mentioned again — David said their sales team has been aggressive but he personally prefers Athena Cloud.",neutral,negotiation,194000,"renewal_negotiation,pricing_confusion,competitor_pressure,discount_requested",60,2024-11-20,TRUE,,zoom
CRM-047,2024-11-20 09:00:00,email,outbound,James Park,Procurement Director,j.park@meridianhealth.com,Elena Rodriguez,Renewal Proposal - Final Terms,"Hi James, Following our discussion, here's the restructured proposal: CURRENT: 25 Eng seats (Growth, €7.40) + 25 Mktg seats (€8.10) = €180K/year PROPOSED: 25 Eng seats (Enterprise, €9.80) + 12 Mktg seats (€8.10) = €35,280 + €11,664 = WAIT. Let me redo this. 25 x €9.80 x 12 = €35,280 (Engineering). 12 x €8.10 x 12 = €1,166.40. That's €36,446. That seems too low. I think the original contract was calculated differently. Let me send a corrected version tomorrow — sorry about this. - Elena",negative,negotiation,194000,"pricing_error,unprofessional,must_correct",,,,,email
CRM-048,2024-11-21 08:00:00,email,outbound,James Park,Procurement Director,j.park@meridianhealth.com,Elena Rodriguez,CORRECTED: Renewal Proposal - Meridian Health,"James, Apologies for yesterday's confusion. Here are the correct numbers: CURRENT CONTRACT (monthly): - 25 Engineering seats @ €7.40/seat = €185/mo per seat... OK I realize the issue. Our pricing is annual per-seat pricing, not monthly. Let me clarify: CURRENT: Engineering: 25 seats x €7,400/yr = €185,000??? No that's not right either. I'm going to have Finance prepare a clean quote and send it over today. Really sorry about the back and forth. - Elena",negative,negotiation,194000,"continued_pricing_confusion,credibility_risk",,,,,email
CRM-049,2024-11-21 14:00:00,note,internal,,,,Elena Rodriguez,Pricing disaster - need help,"I completely embarrassed myself with the Meridian pricing emails. I don't even know our own pricing model clearly enough to calculate a renewal quote without messing it up. Asked Finance to prepare a clean proposal. The actual numbers: Current contract: €180K/year all-in (this was the negotiated annual price, not calculated per-seat per-month). Proposed: Engineering Enterprise upgrade + Marketing seat reduction. Finance says the clean proposal is: Engineering 25 seats Enterprise = €147,000/yr. Marketing 12 seats = €47,000/yr. Total = €194,000/yr. OR with 5% discount James requested: €184,300/yr. So net +€4,300 vs current contract. Going to send the clean quote from Finance directly.",negative,negotiation,194000,"pricing_resolved,lesson_learned",,,,internal,
CRM-050,2024-11-22 10:00:00,email,outbound,James Park,Procurement Director,j.park@meridianhealth.com,Elena Rodriguez,Meridian Health - Clean Renewal Proposal,"Hi James, Please find attached the formal renewal proposal prepared by our Finance team. I apologize for the confusion in my previous emails — I was working from an outdated pricing sheet. Clean numbers: Option A (restructured, no discount): Engineering Enterprise 25 seats: €147,000/yr | Marketing 12 seats: €47,000/yr | Total: €194,000/yr Option B (restructured + 5% loyalty discount): Total: €184,300/yr Both options include the Marketing seat reduction (saving you €33K vs paying for unused seats). The Engineering Enterprise upgrade unlocks the advanced trace and distributed debugging features David's team has been requesting. I genuinely believe Option B is the right structure — you get more value from Engineering and stop paying for unused Marketing capacity. Happy to discuss. - Elena",positive,negotiation,194000,"clean_proposal_sent,two_options",,,Renewal_Proposal_Meridian_2024_FINAL.pdf,email,
CRM-051,2024-12-02 11:00:00,email,inbound,James Park,Procurement Director,j.park@meridianhealth.com,Elena Rodriguez,RE: Renewal Proposal,"Elena, Good news — Margaret approved Option B (€184,300/yr with the 5% discount). She specifically noted that she appreciated us proactively reducing the Marketing seats rather than waiting for the review to catch it. That went a long way. Contract starts Dec 1 for 12 months. Can you send the updated agreement? One thing: Margaret wants quarterly utilization reports going forward. Non-negotiable. - James",positive,closed_won,184300,"renewal_closed,option_b,cfo_appreciated_transparency",,2024-12-05,TRUE,,email
CRM-052,2024-12-05 09:00:00,email,outbound,James Park,Procurement Director,j.park@meridianhealth.com,Elena Rodriguez,Renewal Contract - Meridian Health (Year 2),"James, Wonderful news! Contract attached: - 12-month term, Dec 1 2024 - Nov 30 2025 - 25 Engineering seats (Enterprise) - 12 Marketing seats - ACV: €184,300 (5% loyalty discount applied) - Quarterly utilization reports committed - Payment terms: Net 30 Please route for signature. And please pass along my thanks to Margaret — I appreciate the partnership. Best, Elena",positive,closed_won,184300,contract_sent_yr2,,,Contract_MeridianHealth_Year2.pdf,email,
CRM-053,2024-12-10 16:30:00,note,internal,,,,Elena Rodriguez,Year 2 renewal retrospective,"Renewal closed at €184,300 (was €180K). Net +€4,300. Could have been better but honestly I'm relieved we retained them. Lessons: 1) I should have addressed the marketing seats proactively 3 months earlier. 2) My pricing emails were embarrassing and damaged credibility with James. 3) James is a genuine ally — he coached me through the CFO review without being explicit about it. Need to invest in that relationship. 4) Competitor [X] was mentioned 3 times across the renewal cycle. Need to prepare a standing competitive defense. 5) Sarah being promoted to CTO is great but she has less time now. Need to build the relationship with David as the day-to-day champion.",neutral,closed_won,184300,"retrospective,lessons_learned",,,,internal,
CRM-054,2025-01-14 06:45:00,note,internal,,,,Elena Rodriguez,INCIDENT - Meridian affected,Got alerted at 6:45am. Platform outage affecting multiple customers including Meridian. Engineering team's monitoring is down. Working with our SRE team on resolution. Will update when I know more.,negative,active,184300,"p1_incident,outage",,,,internal,
CRM-055,2025-01-14 10:00:00,email,outbound,Sarah Chen,CTO,s.chen@meridianhealth.com,Elena Rodriguez,Service disruption notification,"Sarah, I want to personally reach out about the platform disruption this morning. Your engineering team's monitoring has been affected since approximately 6:30am. Root cause: a database migration failure in our infrastructure. Our team is actively working on it and we expect resolution within the next 2 hours. I know how critical this is for your team and I'm sorry for the disruption. I'll update you as soon as we have resolution. - Elena",negative,active,184300,"incident_notification,transparency",,,,,email
CRM-056,2025-01-14 09:52:00,email,inbound,David Wu,VP Engineering,d.wu@meridianhealth.com,Elena Rodriguez,RE: Service disruption notification,"Elena, This is not great. My team has been flying blind for 3+ hours. We had a production deployment scheduled this morning that we've had to postpone. Can you get me a more specific ETA? And when this is resolved I'm going to need a full post-mortem. - David",negative,active,184300,"incident_escalation,customer_frustrated",,2025-01-14,TRUE,,email
CRM-057,2025-01-14 12:15:00,email,outbound,"Sarah Chen, David Wu",CTO; VP Engineering,"s.chen@meridianhealth.com, d.wu@meridianhealth.com",Elena Rodriguez,Service restored - Meridian Health,"Sarah, David — Service is fully restored as of 12:10pm. Total downtime: approximately 3 hours 20 minutes. I'm deeply sorry for the disruption. Here's what happened: - Root cause: A scheduled database migration failed due to an edge case in our migration pipeline - Impact: Your engineering team's monitoring was unavailable for ~3.2 hours - Immediate fix: Rollback and manual migration applied - Permanent fix: We're adding a redundancy layer to the migration pipeline (ETA: end of January) I'll have a detailed post-mortem document for you by Friday. We'll also be issuing an SLA credit for this incident — I'll work with James on the specifics. Again, my sincere apologies. This shouldn't have happened. - Elena",negative,active,184300,"incident_resolved,post_mortem_promised,sla_credit",,2025-01-17,TRUE,,email
CRM-058,2025-01-17 10:00:00,email,outbound,"Sarah Chen, David Wu, James Park",CTO; VP Engineering; Procurement Director,"s.chen@meridianhealth.com, d.wu@meridianhealth.com, j.park@meridianhealth.com",Elena Rodriguez,Post-Mortem: January 14 Service Disruption,"Team, As promised, please find attached the detailed post-mortem for the January 14 incident. Summary: - Root cause: Database migration pipeline lacked failover redundancy - Duration: 3 hours 20 minutes - Customer impact: Engineering monitoring unavailable, 1 deployment postponed - Estimated productivity impact: ~140 engineer-hours affected - Remediation: Redundancy layer added to migration pipeline (completed Jan 16) - Preventive measure: All future migrations will run in shadow mode first SLA credit: €3,600 applied to your February invoice. This doesn't make up for the disruption but I want to be transparent about the financial acknowledgment. Let me know if you have any questions. - Elena",neutral,active,184300,"post_mortem_sent,sla_credit_issued",,,PostMortem_Jan14_Meridian.pdf,email,
CRM-059,2025-01-20 14:30:00,email,inbound,David Wu,VP Engineering,d.wu@meridianhealth.com,Elena Rodriguez,RE: Post-Mortem,"Elena, Thanks for the thorough post-mortem. The remediation steps look solid. My team is satisfied with the response. The SLA credit is appreciated. Let's move forward. One thing — can we get added to your early notification list for any future maintenance or migration events? We'd like to schedule around them. - David",positive,active,184300,"incident_closed,customer_satisfied",,2025-01-21,TRUE,,email
CRM-060,2025-03-25 14:00:00,meeting,outbound,"David Wu, James Park",VP Engineering; Procurement Director,"d.wu@meridianhealth.com, j.park@meridianhealth.com",Elena Rodriguez,Q1 2025 QBR - Meridian Health,"QBR without Sarah (she sent apologies — board meeting conflict). David presented engineering metrics, still strong. No recurrence of the January incident. James mentioned the quarterly utilization report looks good for engineering (89% utilization) but marketing is now at 48% — down from when we right-sized. 12 seats, only ~6 people logging in regularly. James didn't make a big deal of it but noted 'Margaret will ask about this.' I said we'd keep monitoring. David asked about our product roadmap for H2 — specifically interested in the distributed tracing improvements we announced. NO mention of [Competitor X] this quarter which is a positive signal. But I'm worried about marketing again. After the meeting James sent me a Slack: 'Elena, just between us — Margaret has been talking about operational efficiency a LOT in leadership meetings. Like, a LOT. Heads up for renewal planning.' I thanked him.",neutral,active,184300,"qbr_q1_2025,marketing_declining_again,sarah_absent,cfo_warning",,,,zoom,
CRM-061,2025-05-15 10:30:00,email,inbound,Sarah Chen,CTO,s.chen@meridianhealth.com,Elena Rodriguez,Heads up re: vendor review,"Elena, Quick heads up — Margaret (CFO) has asked all department heads to present a vendor optimization plan by end of Q2. She's specifically asked about overlap in our developer tooling stack. I think we can make a strong case for Athena Cloud but I'll need updated ROI numbers. David can help pull the metrics on his end. I'd also like to discuss the marketing seat situation before this becomes a bigger issue. Can we find time next week? - Sarah",neutral,active,184300,"vendor_review,roi_needed,marketing_discussion_requested",,2025-05-20,FALSE,,email
CRM-062,2025-06-02 09:00:00,note,internal,,,,Elena Rodriguez,MISSED FOLLOW-UP AGAIN,Just realized I never scheduled the meeting Sarah requested on May 15. That's 2.5 weeks ago. She asked me to discuss the marketing seats and the vendor review and I just... forgot. I've been focused on the Nexus expansion and Orbita support issues. This is the second time I've dropped the ball on Meridian's marketing seat issue — first was September 2024 when Sarah asked me to 'put together options' and I took 2 months. Cannot let this happen again. Emailing Sarah now.,negative,active,184300,"dropped_commitment,urgent,self_critique",,,,internal,
CRM-063,2025-06-02 09:15:00,email,outbound,Sarah Chen,CTO,s.chen@meridianhealth.com,Elena Rodriguez,RE: Heads up re: vendor review,"Sarah, Apologies for the delayed response — no excuse, this should have been my top priority. I'd love to meet this week to discuss both the ROI update and the marketing seat situation. I have some ideas on the marketing side that I think will work well for the vendor review. Does Thursday at 2pm work? - Elena",neutral,active,184300,"late_response,meeting_requested",,,,,email
CRM-064,2025-06-02 11:30:00,email,inbound,Sarah Chen,CTO,s.chen@meridianhealth.com,Elena Rodriguez,RE: RE: Heads up re: vendor review,Thursday works. See you then. -S,neutral,active,184300,meeting_confirmed,,,,,email
CRM-065,2025-06-05 14:00:00,meeting,outbound,Sarah Chen,CTO,s.chen@meridianhealth.com,Elena Rodriguez,Vendor review prep + marketing seats,"Met with Sarah. She was direct: 'Elena, the marketing seat thing has been hanging over us for a year now. We need to just deal with it.' I agreed and proposed reducing to 12 seats (matching actual usage). She said 'honestly, I'd go lower — maybe 10. Lisa's team might shrink further.' We agreed on 12 for now with a review in 3 months. She also mentioned the Q4 earnings call was heavy on 'operational efficiency' language and that Margaret is driving a company-wide cost review. RE: ROI — Sarah asked for a one-pager she can present to Margaret. 'Give me the headline number and make it bulletproof. Margaret is a McKinsey person — she'll poke holes in anything fuzzy.' I committed to having the ROI one-pager by next Friday. CANNOT drop this commitment.",neutral,active,184300,"marketing_12_seats_agreed,roi_one_pager_committed,cfo_prep",40,2025-06-13,FALSE,,zoom
CRM-066,2025-07-10 09:00:00,slack,inbound,James Park,Procurement Director,j.park@meridianhealth.com,Elena Rodriguez,,[Slack DM] Elena, just a heads up — our new CFO is reviewing all vendor contracts. You might want to get ahead of this. Also I've been hearing some noise about [Competitor X] from our engineering leads. Not sure how serious it is but wanted you to know.,neutral,active,184300,"competitor_signal,cfo_review,james_coaching",,,,slack
CRM-067,2025-07-10 09:30:00,slack,outbound,James Park,Procurement Director,j.park@meridianhealth.com,Elena Rodriguez,,[Slack DM] Thanks James — really appreciate the heads up. Can you tell me more about what the engineering leads are saying about [Competitor X]? Want to make sure we're addressing any gaps.,neutral,active,184300,competitor_investigation,,,,slack,
CRM-068,2025-07-10 09:45:00,slack,inbound,James Park,Procurement Director,j.park@meridianhealth.com,Elena Rodriguez,,[Slack DM] Not much detail — just that their debugging features look slick and someone saw a demo at a conference. Dont think its anything formal yet but Margaret has been asking about competitive alternatives as part of the review. Id say its more procedural than real threat at this point but good to be prepared,neutral,active,184300,"competitor_detail,conference_demo,procedural_eval",,,,slack,
CRM-069,2025-08-20 14:00:00,email,inbound,Lisa Huang,Marketing Ops Manager,l.huang@meridianhealth.com,Elena Rodriguez,Quick billing question,"Hi Elena, Sorry to bother you — I got a notification from our finance system that we're still being charged for 12 marketing seats. I thought we were going to right-size? My team is down to about 10 people who actually use it now and even they're not using it every day. Can you look into this? Thanks, Lisa",neutral,active,184300,"billing_query,marketing_further_decline,10_active_seats",,2025-08-22,FALSE,,email
CRM-070,2025-09-15 09:00:00,note,internal,,,,Elena Rodriguez,Meridian status - 75 days to renewal,"Renewal Dec 1. Status: Engineering strong (89% utilization, Enterprise tier, David is happy). Marketing is a mess — Lisa says only 10 people use it, we're billing for 12. I STILL haven't sent Sarah the ROI one-pager she asked for on June 5. That's 3+ months overdue. I keep getting pulled into other accounts. Lisa's billing email from August is unanswered too. James has been warning me for months that the CFO review is coming. I need to get my act together on this account or I'm going to lose a €184K contract through negligence, not competition. Priority #1 starting today.",negative,active,184300,"renewal_75_days,multiple_dropped_commitments,self_critique,urgent",,,,internal,
CRM-071,2025-11-28 09:00:00,note,internal,,,,Elena Rodriguez,Account transition — Meridian Health,"Carlos has asked me to transition Meridian to a new AM so I can focus on the Vortex scaling project full-time. The new AM is Tomás Herrera — he joined Athena Cloud in September from Salesforce. Good guy but hasn't managed an account this complex before. I'm preparing a handoff document. Key items: (1) renewal is Nov 2026, (2) marketing seat utilization still at 42%, (3) 3 unanswered emails I need to close out, (4) SLA credit pending from the Dec 15 incident — MUST be applied to January invoice. I'm worried about the handoff but Carlos says Tomás can handle it. Adding to my to-do list for the handoff meeting on Jan 8.",neutral,active,184000,"transition,handoff,tomas_herrera",,,,,
CRM-072,2025-12-15 16:30:00,note,internal,,,,Elena Rodriguez,SLA INCIDENT — Meridian Health,"4.5-hour API monitoring disruption today. Affected all Meridian services. Engineering team reported it immediately — David Wu called me. Marketing didn't notice (of course). Per contract Section 7.2, Meridian is entitled to a 5% credit on the next monthly invoice. That's €929.18 off the January invoice. I've notified Sofia in Finance to generate the credit note. I'll email James to let him know we're aware and the credit will be applied automatically. IMPORTANT: I need to make sure this credit gets applied to the January invoice before I transition the account to Tomás.",negative,active,184000,"sla_breach,credit_pending,must_apply_january",,,,,
CRM-073,2025-12-16 10:00:00,email,outbound,James Park,Procurement Director,j.park@meridianhealth.com,Elena Rodriguez,SLA incident notification + credit,Emailed James about yesterday's incident. Confirmed 5% credit (€929.18) will be applied to the January invoice. He acknowledged. Also mentioned I'll be transitioning the account to Tomás in January. James asked me to make sure the handoff includes 'all the context' — his words. He specifically asked about the credit being applied. I said it would be.,neutral,active,184000,"sla_notification,credit_confirmed,handoff_mentioned",,,,,email
CRM-074,2025-12-19 09:00:00,note,internal,,,,Elena Rodriguez,Last day on Meridian — handoff to Tomás,"Today is my last day managing Meridian. Handoff doc shared with Tomás via Confluence. Key items covered: account history, stakeholder map, marketing utilization issue, renewal timeline. One thing I haven't called out explicitly enough: the SLA credit. The credit note CN-2025-MH-002 was generated just YESTERDAY — I haven't had time to verify it will be applied to the January invoice. It's in my handoff doc (page 4, section 'Pending Items') but I'm rushing because I need to start on the Vortex deployment Monday. The credit note exists in the system. Tomás should see it when the January invoice is generated. I think. I hope. Handoff meeting with James and Sarah is scheduled for Dec 22.",neutral,active,184000,"handoff_complete,credit_in_doc_but_not_verbal,oversight",,,,,
CRM-075,2025-12-22 14:00:00,meeting,outbound,James Park; Sarah Chen,Procurement Dir; CTO,j.park@meridianhealth.com,Elena Rodriguez; Tomás Herrera,Account Handoff — Meridian Health,"Handoff meeting. Elena introduced Tomás. James was polite but guarded: 'I've been working with Elena for 2.5 years. Starting over with someone new is not ideal.' Sarah was warmer: 'Welcome Tomás. The product is good. Just don't make us chase you.' Elena walked through the account history. Tomás asked good questions about the engineering metrics and the marketing situation. James asked about the SLA credit: 'Elena, the credit from the December 15 incident — that's being applied to the January invoice, right?' Elena: 'Yes, it's in the system.' She didn't verify. Tomás wrote it down but didn't follow up. Meeting ran 40 minutes. At the end James said to Tomás: 'Look, I want this to work. But trust is earned, not transferred. Prove yourself.' Elena attended as a courtesy — she transitioned off the account on Dec 19 but stayed for the handoff.",neutral,active,184000,"handoff_meeting,tomas_intro,james_guarded,sla_credit_discussed_briefly",40,,,,zoom
CRM-076,2025-12-26 10:00:00,email,outbound,James Park; Sarah Chen; David Wu; Lisa Huang,Procurement Dir; CTO; VP Eng; Mkt Ops Mgr,j.park@meridianhealth.com,Tomás Herrera,"Introduction — Tomás Herrera, your new AM","Sent intro email to the Meridian team. Brief background on myself, contact info, commitment to continuity. James replied same day — polite, one line: 'Welcome. Let's schedule a check-in for mid-January.' Sarah replied warmly. David didn't reply. Lisa didn't reply. Sent during the holiday week — low engagement expected.",neutral,active,184000,"tomas_intro_email,mixed_response,holiday_timing",,,,,email
CRM-077,2026-01-19 11:00:00,email,inbound,James Park,Procurement Director,j.park@meridianhealth.com,Tomás Herrera,Invoice discrepancy — missing SLA credit,James emailed me about the January invoice. He says the SLA credit from the December incident (€929.18) wasn't applied. I've had this account for a month and somehow missed this. Going back through Elena's handoff doc now. Found a reference on page 4: 'SLA credit CN-2025-MH-002 pending application to January invoice.' James even asked about the credit in the Dec 22 handoff meeting. Elena said 'it's in the system' and I wrote it down. But I never verified it was actually applied to the invoice when it was auto-generated on Jan 1. I should have caught this weeks ago. Need to dig into the billing system.,negative,active,184000,"invoice_discrepancy,credit_missing,month_of_context_missed",,,,,email
CRM-078,2026-01-21 09:00:00,note,internal,,,,Tomás Herrera,Meridian SLA credit — root cause of billing error,Investigated the missing SLA credit. Here's what happened: (1) Dec 15 — SLA breach. Elena logged it. (2) Dec 18 — Credit note CN-2025-MH-002 generated by Sofia in Finance. (3) Dec 19 — Elena transitioned off the account. Credit note was generated literally the day before she left. (4) Dec 22 — Handoff meeting. James asked about the credit. Elena said 'it's in the system.' I wrote it down but didn't verify. (5) Jan 1 — Invoice auto-generated at full price. The credit note exists but was never linked to the invoice. It requires a manual step: someone has to apply the credit note before the invoice is sent. I had 10 days between the handoff meeting and the invoice generation. I should have checked. I called James to explain and apologize. He was frustrated but pragmatic — agreed to pay January at full price and have the credit applied to February instead.,negative,active,184000,"root_cause_found,manual_credit_process,ten_day_gap,james_pragmatic",,,,,
CRM-079,2026-01-22 10:00:00,call,outbound,James Park,Procurement Director,j.park@meridianhealth.com,Tomás Herrera,Call with James — billing resolution,"Called James to discuss the SLA credit issue. He was direct: 'This is exactly the kind of thing that erodes trust. Elena promised the credit would be applied. She left. You didn't know about it. The invoice came full price. We noticed before you did. That's not a good start, Tomás.' I apologized and explained the gap. He accepted: 'Fine. We'll pay January as-is. Apply the credit to February. And Tomás — set a reminder. I don't want to chase this again.' I promised he wouldn't have to. He also mentioned that they're now splitting payments by department: 'Margaret wants Engineering and Marketing costs tracked separately. You'll get two payments per invoice from now on.' I confirmed that's fine on our end.",negative,active,184000,"billing_resolution,split_payments_announced,trust_discussion",12,,,,phone
CRM-080,2026-02-01 09:00:00,note,internal,,,,Tomás Herrera,February invoice — SLA credit verified,"Personally verified the February invoice before it went out. SLA credit CN-2025-MH-002 (€929.18) applied. Net invoice: €17,654.40. James acknowledged receipt — one word reply: 'Received.' No warmth but no complaint either. Engineering portion expected ~Feb 13, Marketing ~Feb 20 based on James's indication of the split. Setting calendar reminders for both.",neutral,active,184000,"credit_applied_verified,invoice_correct",,,,,
CRM-081,2026-02-10 10:00:00,note,internal,,,,Tomás Herrera,Meridian renewal planning — internal assessment,"Starting to think about the Meridian renewal (contract end was Nov 2025 — we're on auto-renewal terms now, formal renewal discussion targeting Q2). Account health looks solid: Engineering usage is strong (22-24 active users out of 25 seats), no open support escalations that I can see in my queue, and the SLA credit issue from January was resolved cleanly. Marketing utilization is lower but that's been the case since day one — Elena's notes mention it. Planning to propose a 2-year renewal with a small expansion on engineering seats. Will schedule a call with James in March to kick off the conversation.",positive,renewal_planning,380000,"renewal,auto_renewal,optimistic_assessment",,,,,
CRM-082,2026-02-14 14:00:00,email,outbound,Sarah Chen,CTO,s.chen@meridianhealth.com,Tomás Herrera,Catching up — Meridian + Athena Cloud,"Sent a check-in email to Sarah. Asked how the engineering team is finding the Enterprise tier features. She replied same day: 'The team loves it. Feature adoption is up. David's team relies on it daily.' Positive signal. Didn't mention marketing or any billing issues. I take this as confirmation that the core relationship is healthy. Sarah is clearly the champion — engineering is where the value is.",positive,renewal_planning,380000,"sarah_positive,engineering_champion,renewal_signal",,,,,email
CRM-083,2026-02-25 09:00:00,note,internal,,,,Tomás Herrera,Meridian renewal — confidence high,"Renewal prep update. My read on this account: low risk. Engineering is the anchor — high usage, strong champion (Sarah), product is embedded in their workflow. Marketing is a smaller line item and utilization has always been soft, but it's not a dealbreaker. James is transactional but fair — he'll negotiate hard but he's not looking to leave. Planning to propose renewal in March with: (1) Engineering 25 seats Enterprise renewed at current rate, (2) Marketing seats right-sized to 8 from 12, (3) 2-year term with 3% discount. Target ACV: €350K. I think this lands.",positive,renewal_planning,350000,"high_confidence,renewal_proposal_draft,marketing_rightsize",,,,,
CRM-084,2026-03-10 11:00:00,call,outbound,James Park,Procurement Director,j.park@meridianhealth.com,Tomás Herrera,Renewal kick-off call — Meridian Health,"Called James to start the renewal conversation. He was... not what I expected. Opened with: 'Tomás, before we talk renewal, we need to talk about the last three months.' He brought up: (1) Lisa has been raising marketing seat issues through support for months and 'nobody on your side seems to care,' (2) billing continued after the contract expired with no formal renewal — 'our legal team is asking questions,' (3) the SLA credit was almost missed. I was blindsided. I didn't know about the support tickets — I've been checking my CRM queue and email but apparently the escalations went to Elena's old queue and were re-routed to support management, not to me. James: 'I told Elena at the handoff: trust is earned, not transferred. You've had this account for three months and you didn't know your customer was threatening to dispute invoices through support?' He's right. I need to regroup. Renewal is not the slam dunk I thought it was.",negative,renewal_negotiation,350000,"blindsided,support_escalations_unknown,trust_eroded,legal_questions,must_regroup",30,,,,phone
